commodity,market,unit,month,record_count,monthly_average_price,previous_month_average,absolute_change,percentage_change
Maize (white),Gulu,KG,2021-07,1,1086.0,2.0,1084.0,54200.0
Beans,Lira,KG,2022-03,2,2333.895,143.82,2190.075,1522.7889027951605
Leafy vegetables,Palorinya (refugee settlement),KG,2026-05,1,26111.0,2429.0,23682.0,974.9691230959243
Charcoal,Palabek (refugee settlement),KG,2023-06,1,6167.0,608.0,5559.0,914.3092105263157
Rope,Rhino Camp (refugee settlement),Unit,2025-09,1,2250.0,256.0,1994.0,778.90625
Sorghum,Masaka,KG,2025-05,1,4000.0,499.0,3501.0,701.6032064128257
Cassava (fresh),Palabek (refugee settlement),KG,2023-01,1,649.0,100.0,549.0,549.0
Rope,Imvepi (refugee settlement),Unit,2022-03,1,3000.0,500.0,2500.0,500.0
Rope,Imvepi (refugee settlement),Unit,2025-09,1,1500.0,267.0,1233.0,461.7977528089888
Sorghum,Karita,KG,2022-04,1,2750.0,500.0,2250.0,450.0
Leafy vegetables,Palorinya (refugee settlement),KG,2024-05,1,2574.0,500.0,2074.0,414.79999999999995
Firewood,Palabek (refugee settlement),KG,2022-08,1,2000.0,400.0,1600.0,400.0
Leafy vegetables,Oruchinga (refugee settlement),KG,2024-05,1,2500.0,500.0,2000.0,400.0
Leafy vegetables,Imvepi (refugee settlement),KG,2023-05,1,7667.0,1548.0,6119.0,395.2842377260982
Charcoal,Palabek (refugee settlement),KG,2023-08,1,2427.0,508.0,1919.0,377.755905511811
Leafy vegetables,Rwamwanja (refugee settlement),KG,2025-10,1,2857.0,606.0,2251.0,371.45214521452147
Leafy vegetables,Lobule (refugee settlement),KG,2023-10,1,3333.0,714.3,2618.7,366.6106677866443
Cassava (fresh),Lobule (refugee settlement),KG,2025-09,1,1818.0,398.0,1420.0,356.78391959798995
Batteries,Adjumani (refugee settlement),Pair,2022-03,1,9000.0,2000.0,7000.0,350.0
Leafy vegetables,Rwamwanja (refugee settlement),KG,2025-04,1,2857.0,640.0,2217.0,346.40625
Charcoal,Lobule (refugee settlement),KG,2022-04,1,1428.57,322.58,1105.99,342.85758571517147
Cassava (fresh),Oruchinga (refugee settlement),KG,2022-07,1,2500.0,576.0,1924.0,334.02777777777777
Leafy vegetables,Lobule (refugee settlement),KG,2023-08,1,2500.0,588.0,1912.0,325.1700680272109
Wooden mingle,Bidibidi (refugee settlement),Unit,2026-03,1,3500.0,842.0,2658.0,315.6769596199525
Plantains,Owino,KG,2012-10,2,3541.75,858.5,2683.25,312.5509609784508
Cassava (fresh),Rhino Camp (refugee settlement),KG,2025-09,1,1145.0,284.0,861.0,303.16901408450707
Cassava flour,Makaratin,KG,2025-04,1,2000.0,500.0,1500.0,300.0
Jerrycan (5L),Adjumani (refugee settlement),Unit,2023-12,1,4000.0,1000.0,3000.0,300.0
Mug (plastic),Lobule (refugee settlement),Unit,2023-06,1,2000.0,500.0,1500.0,300.0
Rope,Adjumani (refugee settlement),Unit,2021-12,1,2000.0,500.0,1500.0,300.0
Firewood,Rhino Camp (refugee settlement),KG,2022-03,1,348.0,89.0,259.0,291.0112359550562
Leafy vegetables,Oruchinga (refugee settlement),KG,2021-04,1,1894.0,500.0,1394.0,278.79999999999995
Firewood,Palabek (refugee settlement),KG,2023-09,1,1750.0,478.0,1272.0,266.10878661087867
Laundry soap,Lobule (refugee settlement),KG,2022-03,1,7250.0,2000.0,5250.0,262.5
Oil (vegetable),Mbale,L,2020-02,1,5250.0,1466.67,3783.33,257.95373192333653
Jerrycan (5L),Nakivale (refugee settlement),Unit,2023-03,1,8000.0,2250.0,5750.0,255.55555555555554
Cassava (fresh),Lobule (refugee settlement),KG,2023-03,1,3333.0,945.0,2388.0,252.69841269841268
Fish (dry),Palorinya (refugee settlement),KG,2023-03,1,19722.0,5602.0,14120.0,252.05283827204568
Sorghum,Kapchorwa,KG,2024-08,1,3000.0,857.0,2143.0,250.05834305717622
Firewood,Rhino Camp (refugee settlement),KG,2025-09,1,462.0,132.0,330.0,250.0
Pole,Lobule (refugee settlement),Unit,2022-12,1,7000.0,2000.0,5000.0,250.0
Firewood,Lobule (refugee settlement),KG,2023-08,1,769.0,224.0,545.0,243.30357142857144
Leafy vegetables,Palabek (refugee settlement),KG,2024-05,1,2108.0,625.0,1483.0,237.27999999999997
Leafy vegetables,Palabek (refugee settlement),KG,2023-09,1,4643.0,1428.0,3215.0,225.14005602240897
Mug (plastic),Kyaka II (refugee settlement),Unit,2024-12,1,3250.0,1000.0,2250.0,225.0
Leafy vegetables,Imvepi (refugee settlement),KG,2024-01,1,5000.0,1548.0,3452.0,222.99741602067184
Rope,Kiryandongo (refugee settlement),Unit,2025-06,1,4833.0,1500.0,3333.0,222.2
Cassava (fresh),Bidibidi (refugee settlement),KG,2022-12,1,1429.0,444.0,985.0,221.84684684684686
Leafy vegetables,Lobule (refugee settlement),KG,2021-12,1,3160.0,1000.0,2160.0,216.0
Rope,Adjumani (refugee settlement),Unit,2024-03,1,1571.0,500.0,1071.0,214.2
Leafy vegetables,Imvepi (refugee settlement),KG,2022-07,1,3636.0,1163.0,2473.0,212.63972484952708
Leafy vegetables,Lobule (refugee settlement),KG,2023-02,1,4727.0,1515.0,3212.0,212.013201320132
Leafy vegetables,Kyangwali (refugee settlement),KG,2024-07,1,2560.0,826.0,1734.0,209.9273607748184
Cassava flour,Lira,KG,2025-05,1,2750.0,900.0,1850.0,205.55555555555554
Maize (white),Soroti,KG,2020-01,1,1250.0,412.5,837.5,203.03030303030303
Cassava (fresh),Oruchinga (refugee settlement),KG,2021-10,1,1000.0,333.0,667.0,200.30030030030028
Cassava flour,Lira,KG,2019-10,1,3000.0,1000.0,2000.0,200.0
Exercise Book (48 pages),Bidibidi (refugee settlement),Unit,2022-03,1,1500.0,500.0,1000.0,200.0
Pole,Rhino Camp (refugee settlement),Unit,2022-12,1,6000.0,2000.0,4000.0,200.0
Wooden mingle,Lobule (refugee settlement),Unit,2023-12,1,3000.0,1000.0,2000.0,200.0
Cassava (fresh),Kyangwali (refugee settlement),KG,2021-03,1,1152.0,385.0,767.0,199.22077922077924
Fish (dry),Lobule (refugee settlement),KG,2023-03,1,16667.0,5625.0,11042.0,196.3022222222222
Millet,Arua,KG,2022-05,1,3500.0,1200.0,2300.0,191.66666666666669
Cassava flour,Makaratin,KG,2022-08,1,2333.0,800.0,1533.0,191.625
Wooden mingle,Kiryandongo (refugee settlement),Unit,2025-06,1,2167.0,750.0,1417.0,188.93333333333334
Wooden mingle,Imvepi (refugee settlement),Unit,2026-03,1,3000.0,1039.0,1961.0,188.73917228103946
Firewood,Imvepi (refugee settlement),KG,2024-11,1,500.0,175.0,325.0,185.71428571428572
Wooden mingle,Imvepi (refugee settlement),Unit,2022-09,1,2000.0,700.0,1300.0,185.71428571428572
Millet,Arua,KG,2025-02,1,2283.0,800.0,1483.0,185.375
Laundry soap,Rhino Camp (refugee settlement),KG,2022-03,1,5702.38,2000.0,3702.38,185.119
Cassava flour,Jinja,KG,2013-06,1,1420.0,500.0,920.0,184.0
Fish (dry),Kyangwali (refugee settlement),KG,2021-12,1,32955.0,11628.0,21327.0,183.41073271413828
Cassava (fresh),Palorinya (refugee settlement),KG,2023-01,1,1800.0,638.0,1162.0,182.13166144200628
Charcoal,Lobule (refugee settlement),KG,2023-10,1,2000.0,714.3,1285.7,179.99440011199778
Fish (dry),Palorinya (refugee settlement),KG,2025-04,1,20000.0,7143.0,12857.0,179.99440011199778
Leafy vegetables,Rhino Camp (refugee settlement),KG,2021-11,1,2200.0,800.0,1400.0,175.0
Firewood,Oruchinga (refugee settlement),KG,2025-01,1,500.0,182.0,318.0,174.72527472527472
Leafy vegetables,Palabek (refugee settlement),KG,2025-10,1,3333.0,1220.0,2113.0,173.19672131147541
Firewood,Rwamwanja (refugee settlement),KG,2024-01,1,722.0,266.0,456.0,171.42857142857142
Leafy vegetables,Imvepi (refugee settlement),KG,2025-12,1,3083.0,1136.0,1947.0,171.39084507042253
Leafy vegetables,Rhino Camp (refugee settlement),KG,2023-10,1,2000.0,744.0,1256.0,168.81720430107526
Leafy vegetables,Palorinya (refugee settlement),KG,2021-09,1,1493.0,559.0,934.0,167.08407871198568
Cassava flour,Gulu,KG,2015-12,1,4000.0,1500.0,2500.0,166.66666666666669
Pole,Imvepi (refugee settlement),Unit,2022-03,1,8000.0,3000.0,5000.0,166.66666666666669
Rope,Imvepi (refugee settlement),Unit,2022-09,1,8000.0,3000.0,5000.0,166.66666666666669
Rope,Lobule (refugee settlement),Unit,2022-09,1,2000.0,750.0,1250.0,166.66666666666669
Leafy vegetables,Nakivale (refugee settlement),KG,2024-05,1,1333.0,500.0,833.0,166.6
Wooden mingle,Palorinya (refugee settlement),Unit,2025-06,1,1333.0,500.0,833.0,166.6
Firewood,Lobule (refugee settlement),KG,2024-01,1,391.0,147.0,244.0,165.98639455782313
Fish (dry),Rwamwanja (refugee settlement),KG,2025-10,1,36667.0,13815.0,22852.0,165.41440463264567
Firewood,Palorinya (refugee settlement),KG,2022-03,1,800.0,302.0,498.0,164.90066225165563
Rope,Palorinya (refugee settlement),Unit,2025-03,1,1500.0,567.0,933.0,164.55026455026456
Firewood,Palorinya (refugee settlement),KG,2025-05,1,475.0,180.0,295.0,163.88888888888889
Fish (dry),Rhino Camp (refugee settlement),KG,2021-01,1,30556.0,11667.0,18889.0,161.9010885403274
Sorghum,Oruchinga (refugee settlement),KG,2022-06,1,3925.0,1500.0,2425.0,161.66666666666666
Leafy vegetables,Rhino Camp (refugee settlement),KG,2025-02,1,3254.0,1245.0,2009.0,161.36546184738955
Firewood,Imvepi (refugee settlement),KG,2022-06,1,667.0,257.35,409.65,159.18010491548472
Laundry soap,Kyangwali (refugee settlement),KG,2022-03,1,10666.67,4125.0,6541.67,158.58593939393938
Firewood,Adjumani (refugee settlement),KG,2024-05,1,696.0,271.0,425.0,156.82656826568265
Pole,Adjumani (refugee settlement),Unit,2023-12,1,11500.0,4500.0,7000.0,155.55555555555557
Rope,Imvepi (refugee settlement),Unit,2023-06,1,3833.0,1500.0,2333.0,155.53333333333333
Rope,Kyangwali (refugee settlement),Unit,2023-06,1,3167.0,1250.0,1917.0,153.36
Millet,Karita,KG,2022-04,1,3786.0,1500.0,2286.0,152.4
Firewood,Adjumani (refugee settlement),KG,2025-08,1,333.0,132.0,201.0,152.27272727272728
Leafy vegetables,Rwamwanja (refugee settlement),KG,2021-08,1,3333.0,1323.0,2010.0,151.92743764172337
Firewood,Lobule (refugee settlement),KG,2025-09,1,690.0,274.0,416.0,151.82481751824815
Batteries,Kyaka II (refugee settlement),Pair,2022-03,1,2500.0,1000.0,1500.0,150.0
Firewood,Lobule (refugee settlement),KG,2023-02,1,580.0,232.0,348.0,150.0
Jerrycan (5L),Palorinya (refugee settlement),Unit,2025-09,1,5000.0,2000.0,3000.0,150.0
Leafy vegetables,Nakivale (refugee settlement),KG,2022-05,1,2000.0,800.0,1200.0,150.0
Leafy vegetables,Rhino Camp (refugee settlement),KG,2024-05,1,1250.0,500.0,750.0,150.0
Leafy vegetables,Rwamwanja (refugee settlement),KG,2024-05,1,2500.0,1000.0,1500.0,150.0
Mug (plastic),Imvepi (refugee settlement),Unit,2026-06,1,2500.0,1000.0,1500.0,150.0
Pencil,Imvepi (refugee settlement),Unit,2024-03,1,500.0,200.0,300.0,150.0
Pencil,Kiryandongo (refugee settlement),Unit,2022-09,1,250.0,100.0,150.0,150.0
Pencil,Kyaka II (refugee settlement),Unit,2024-12,1,500.0,200.0,300.0,150.0
Rope,Imvepi (refugee settlement),Unit,2024-03,1,2500.0,1000.0,1500.0,150.0
Rope,Palorinya (refugee settlement),Unit,2022-09,1,1000.0,400.0,600.0,150.0
Sanitary pads,Bidibidi (refugee settlement),Packet,2023-01,1,3750.0,1500.0,2250.0,150.0
Wooden mingle,Kiryandongo (refugee settlement),Unit,2022-09,1,1500.0,600.0,900.0,150.0
Wooden mingle,Kyangwali (refugee settlement),Unit,2023-03,1,2500.0,1000.0,1500.0,150.0
Charcoal,Oruchinga (refugee settlement),KG,2026-04,1,2500.0,1006.0,1494.0,148.5089463220676
Millet,Kaabong,KG,2023-06,1,5200.0,2100.0,3100.0,147.61904761904762
Sorghum,Kyangwali (refugee settlement),KG,2025-02,1,2967.0,1200.0,1767.0,147.25
Cassava (fresh),Imvepi (refugee settlement),KG,2024-01,1,1325.0,541.0,784.0,144.91682070240296
Fish (dry),Kiryandongo (refugee settlement),KG,2021-09,1,30000.0,12262.0,17738.0,144.65829391616376
Firewood,Kyangwali (refugee settlement),KG,2026-06,1,862.0,353.0,509.0,144.19263456090653
Wooden mingle,Rwamwanja (refugee settlement),Unit,2026-03,1,3146.0,1292.0,1854.0,143.4984520123839
Leafy vegetables,Rhino Camp (refugee settlement),KG,2022-03,1,2057.0,846.0,1211.0,143.14420803782505
Cassava (fresh),Palabek (refugee settlement),KG,2022-09,1,1346.0,556.0,790.0,142.0863309352518
Sorghum,Kiryandongo (refugee settlement),KG,2024-09,1,2417.0,1000.0,1417.0,141.70000000000002
Exercise Book (48 pages),Nakivale (refugee settlement),Unit,2022-03,1,1200.0,500.0,700.0,140.0
Hoe,Kyangwali (refugee settlement),Unit,2022-03,1,12000.0,5000.0,7000.0,140.0
Plate (plastic),Lobule (refugee settlement),Unit,2023-06,1,1200.0,500.0,700.0,140.0
Basin,Kyangwali (refugee settlement),Unit,2021-12,1,12500.0,5250.0,7250.0,138.0952380952381
Leafy vegetables,Nakivale (refugee settlement),KG,2021-09,1,2857.0,1200.0,1657.0,138.08333333333334
Milk (fresh),Kyaka II (refugee settlement),L,2026-05,1,4000.0,1686.0,2314.0,137.2479240806643
Fish (dry),Rhino Camp (refugee settlement),KG,2025-09,1,26744.0,11273.0,15471.0,137.23942162689613
Millet,Kaabong,KG,2024-01,1,5000.0,2110.0,2890.0,136.96682464454977
Plate (plastic),Kiryandongo (refugee settlement),Unit,2025-03,1,1500.0,633.0,867.0,136.96682464454977
Charcoal,Lobule (refugee settlement),KG,2023-01,1,758.0,320.0,438.0,136.875
Beans,Kapchorwa,KG,2011-08,1,1890.0,800.0,1090.0,136.25
Leafy vegetables,Kyangwali (refugee settlement),KG,2022-08,1,2083.0,882.0,1201.0,136.16780045351473
Firewood,Adjumani (refugee settlement),KG,2024-08,1,432.0,183.0,249.0,136.0655737704918
Torch,Nakivale (refugee settlement),Unit,2026-06,1,1375.0,583.0,792.0,135.8490566037736
Wooden mingle,Bidibidi (refugee settlement),Unit,2022-12,1,1000.0,425.0,575.0,135.29411764705884
Leafy vegetables,Imvepi (refugee settlement),KG,2025-05,1,1943.0,832.0,1111.0,133.53365384615387
Firewood,Rwamwanja (refugee settlement),KG,2022-11,1,373.0,160.0,213.0,133.125
Leafy vegetables,Bidibidi (refugee settlement),KG,2024-05,1,2328.0,1000.0,1328.0,132.8
Cassava (fresh),Imvepi (refugee settlement),KG,2024-04,1,1389.0,597.0,792.0,132.66331658291458
Millet,Gulu,KG,2024-01,1,5917.0,2550.0,3367.0,132.0392156862745
Cassava (fresh),Rwamwanja (refugee settlement),KG,2025-07,1,800.0,345.0,455.0,131.8840579710145
Millet,Kotido,KG,2023-06,1,4100.0,1775.0,2325.0,130.98591549295776
Exercise Book (48 pages),Palorinya (refugee settlement),Unit,2024-12,1,1000.0,433.0,567.0,130.94688221709006
Cassava flour,Gulu,KG,2019-11,1,5000.0,2166.67,2833.33,130.76887574019116
Pole,Kiryandongo (refugee settlement),Unit,2025-09,1,7667.0,3333.0,4334.0,130.03300330033002
Exercise Book (48 pages),Bidibidi (refugee settlement),Unit,2024-09,1,1150.0,500.0,650.0,130.0
Sorghum,Mbale,KG,2022-03,1,3100.0,1350.0,1750.0,129.62962962962962
Leafy vegetables,Lobule (refugee settlement),KG,2025-09,1,3333.0,1454.0,1879.0,129.22971114167814
Jerrycan (5L),Lobule (refugee settlement),Unit,2021-09,1,4000.0,1750.0,2250.0,128.57142857142858
Cassava (fresh),Lobule (refugee settlement),KG,2022-10,1,952.0,417.0,535.0,128.29736211031175
Charcoal,Kyangwali (refugee settlement),KG,2025-07,1,1429.0,630.0,799.0,126.82539682539682
Firewood,Nakivale (refugee settlement),KG,2025-02,1,351.0,155.0,196.0,126.4516129032258
Leafy vegetables,Rwamwanja (refugee settlement),KG,2023-09,1,2250.0,1000.0,1250.0,125.0
Sanitary pads,Imvepi (refugee settlement),Packet,2021-12,1,2250.0,1000.0,1250.0,125.0
Sanitary pads,Imvepi (refugee settlement),Packet,2022-07,1,2250.0,1000.0,1250.0,125.0
Serving spoon,Oruchinga (refugee settlement),Unit,2022-03,1,2250.0,1000.0,1250.0,125.0
Rope,Palabek (refugee settlement),Unit,2025-09,1,1500.0,667.0,833.0,124.88755622188906
Underwear,Bidibidi (refugee settlement),Unit,2026-04,1,3800.0,1700.0,2100.0,123.52941176470588
Rope,Rhino Camp (refugee settlement),Unit,2025-03,1,1420.0,638.0,782.0,122.5705329153605
Charcoal,Lobule (refugee settlement),KG,2024-04,1,1667.0,750.0,917.0,122.26666666666665
Fish (dry),Oruchinga (refugee settlement),KG,2021-10,1,20000.0,9000.0,11000.0,122.22222222222223
Mug (plastic),Lobule (refugee settlement),Unit,2022-09,1,2000.0,900.0,1100.0,122.22222222222223
Charcoal,Oruchinga (refugee settlement),KG,2025-04,1,2222.0,1000.0,1222.0,122.2
Leafy vegetables,Oruchinga (refugee settlement),KG,2022-03,1,1111.0,500.0,611.0,122.2
Sanitary pads,Adjumani (refugee settlement),Packet,2022-08,1,3333.0,1500.0,1833.0,122.2
Firewood,Palorinya (refugee settlement),KG,2023-03,1,253.0,114.0,139.0,121.9298245614035
Sorghum,Lobule (refugee settlement),KG,2025-09,1,2818.0,1271.0,1547.0,121.71518489378441
Exercise Book (48 pages),Kiryandongo (refugee settlement),Unit,2026-06,1,1200.0,542.0,658.0,121.40221402214021
Firewood,Bidibidi (refugee settlement),KG,2026-05,1,250.0,113.0,137.0,121.23893805309736
Leafy vegetables,Palabek (refugee settlement),KG,2023-07,1,1522.0,688.0,834.0,121.22093023255813
Beans,Oruchinga (refugee settlement),KG,2026-03,1,1477.0,668.0,809.0,121.10778443113772
Sorghum,Kapchorwa,KG,2022-03,1,2800.0,1267.0,1533.0,120.99447513812154
Sorghum,Oruchinga (refugee settlement),KG,2025-05,1,4250.0,1929.0,2321.0,120.32141005702437
Leafy vegetables,Palorinya (refugee settlement),KG,2023-02,1,4167.0,1900.0,2267.0,119.31578947368422
Leafy vegetables,Oruchinga (refugee settlement),KG,2024-12,1,2740.0,1250.0,1490.0,119.19999999999999
Firewood,Palorinya (refugee settlement),KG,2025-11,1,392.0,179.0,213.0,118.99441340782121
Wooden mingle,Rwamwanja (refugee settlement),Unit,2024-12,1,2188.0,1000.0,1188.0,118.8
Millet,Arua,KG,2024-11,1,3500.0,1600.0,1900.0,118.75
Cassava (fresh),Kyangwali (refugee settlement),KG,2025-10,1,833.0,381.0,452.0,118.63517060367454
Cassava (fresh),Oruchinga (refugee settlement),KG,2026-05,1,625.0,286.0,339.0,118.53146853146855
Fish (dry),Oruchinga (refugee settlement),KG,2025-05,1,18709.0,8571.0,10138.0,118.28258079570647
Maize flour,Adjumani (refugee settlement),KG,2022-06,1,4000.0,1833.0,2167.0,118.22149481723949
Rope,Lobule (refugee settlement),Unit,2025-09,1,3000.0,1375.0,1625.0,118.18181818181819
Millet,Masindi,KG,2024-01,1,5000.0,2300.0,2700.0,117.3913043478261
Firewood,Kyangwali (refugee settlement),KG,2025-10,1,694.0,320.0,374.0,116.875
Sanitary pads,Rhino Camp (refugee settlement),Packet,2022-07,1,2167.0,1000.0,1167.0,116.7
Charcoal,Nakivale (refugee settlement),KG,2022-03,1,1666.67,769.2,897.47,116.67576703068123
Cassava flour,Moroto,KG,2022-08,1,1950.0,900.0,1050.0,116.66666666666667
Beans,Jinja,KG,2020-10,1,3459.0,1600.0,1859.0,116.1875
Fish (dry),Bidibidi (refugee settlement),KG,2025-02,1,25000.0,11583.0,13417.0,115.8335491668825
Pole,Imvepi (refugee settlement),Unit,2026-06,1,5750.0,2667.0,3083.0,115.59805024371954
Rope,Kyangwali (refugee settlement),Unit,2024-09,1,2150.0,1000.0,1150.0,114.99999999999999
Charcoal,Rhino Camp (refugee settlement),KG,2023-05,1,1074.0,500.0,574.0,114.8
Charcoal,Kyaka II (refugee settlement),KG,2026-04,1,2222.0,1035.0,1187.0,114.68599033816425
Cassava (fresh),Lobule (refugee settlement),KG,2026-05,1,723.0,337.0,386.0,114.54005934718101
Jerrycan (5L),Rwamwanja (refugee settlement),Unit,2025-06,1,5000.0,2333.0,2667.0,114.31633090441491
Charcoal,Adjumani (refugee settlement),KG,2024-05,1,1115.0,521.0,594.0,114.01151631477926
Firewood,Nakivale (refugee settlement),KG,2025-09,1,669.0,313.0,356.0,113.73801916932906
Rope,Palabek (refugee settlement),Unit,2023-06,1,3200.0,1500.0,1700.0,113.33333333333333
Charcoal,Kyangwali (refugee settlement),KG,2026-04,1,2222.0,1042.0,1180.0,113.24376199616123
Leafy vegetables,Kyangwali (refugee settlement),KG,2024-05,1,1062.0,500.0,562.0,112.4
Mug (plastic),Kiryandongo (refugee settlement),Unit,2026-06,1,2000.0,942.0,1058.0,112.31422505307856
Pole,Palabek (refugee settlement),Unit,2023-09,1,10083.0,4750.0,5333.0,112.27368421052633
Charcoal,Kiryandongo (refugee settlement),KG,2025-03,1,2143.0,1010.0,1133.0,112.17821782178218
Firewood,Adjumani (refugee settlement),KG,2024-01,1,369.0,174.0,195.0,112.06896551724137
Sanitary pads,Palabek (refugee settlement),Packet,2022-03,1,3166.67,1500.0,1666.67,111.11133333333333
Laundry soap,Rwamwanja (refugee settlement),KG,2025-04,1,6333.0,3000.0,3333.0,111.1
Sorghum,Gulu,KG,2015-01,1,1500.0,712.5,787.5,110.5263157894737
Leafy vegetables,Rwamwanja (refugee settlement),KG,2023-06,1,2667.0,1267.0,1400.0,110.49723756906079
Cassava (fresh),Kyangwali (refugee settlement),KG,2025-06,1,1064.0,506.0,558.0,110.27667984189723
Beans,Lobule (refugee settlement),KG,2025-02,1,4362.0,2077.0,2285.0,110.01444390948483
Cassava (fresh),Rhino Camp (refugee settlement),KG,2023-10,1,847.0,404.5,442.5,109.39431396786156
Underwear,Adjumani (refugee settlement),Unit,2025-06,1,4667.0,2238.0,2429.0,108.53440571939232
Leafy vegetables,Rhino Camp (refugee settlement),KG,2023-01,1,1875.0,900.0,975.0,108.33333333333333
Underwear,Lobule (refugee settlement),Unit,2022-03,1,2500.0,1200.0,1300.0,108.33333333333333
Firewood,Oruchinga (refugee settlement),KG,2026-04,1,556.0,267.0,289.0,108.23970037453184
Firewood,Kiryandongo (refugee settlement),KG,2021-12,1,375.0,180.39,194.61,107.88292033926494
Wooden mingle,Imvepi (refugee settlement),Unit,2025-12,1,1039.0,500.0,539.0,107.80000000000001
Jerrycan (5L),Imvepi (refugee settlement),Unit,2023-12,1,4150.0,2000.0,2150.0,107.5
Jerrycan (5L),Palabek (refugee settlement),Unit,2022-09,1,4667.0,2250.0,2417.0,107.42222222222222
Underwear,Kiryandongo (refugee settlement),Unit,2022-07,1,2071.0,1000.0,1071.0,107.1
Leafy vegetables,Nakivale (refugee settlement),KG,2025-10,1,2128.0,1028.0,1100.0,107.00389105058366
Firewood,Adjumani (refugee settlement),KG,2025-02,1,360.0,174.0,186.0,106.89655172413792
Leafy vegetables,Kyaka II (refugee settlement),KG,2022-09,1,1875.0,909.0,966.0,106.27062706270627
Maize (white),Soroti,KG,2022-08,1,1500.0,729.0,771.0,105.76131687242798
Charcoal,Kiryandongo (refugee settlement),KG,2026-04,1,2460.0,1198.0,1262.0,105.34223706176962
Leafy vegetables,Rhino Camp (refugee settlement),KG,2021-01,1,2222.0,1083.0,1139.0,105.1708217913204
Rope,Nakivale (refugee settlement),Unit,2024-09,1,2050.0,1000.0,1050.0,105.0
Laundry soap,Palabek (refugee settlement),KG,2023-07,1,7167.0,3500.0,3667.0,104.77142857142859
Leafy vegetables,Nakivale (refugee settlement),KG,2026-05,1,2870.0,1402.0,1468.0,104.70756062767475
Leafy vegetables,Palabek (refugee settlement),KG,2023-12,1,3127.0,1528.0,1599.0,104.64659685863876
Charcoal,Imvepi (refugee settlement),KG,2024-01,1,1389.0,682.0,707.0,103.66568914956011
Cassava (fresh),Palabek (refugee settlement),KG,2023-09,1,1584.0,779.0,805.0,103.33761232349165
Fish (dry),Adjumani (refugee settlement),KG,2024-05,1,25405.0,12500.0,12905.0,103.24
Salt,Nakivale (refugee settlement),KG,2025-09,1,3278.0,1613.0,1665.0,103.2238065716057
Maize flour,Gulu,KG,2023-05,1,3860.0,1900.0,1960.0,103.15789473684211
Fish (dry),Kiryandongo (refugee settlement),KG,2025-03,1,42500.0,21053.0,21447.0,101.87146724932315
Leafy vegetables,Imvepi (refugee settlement),KG,2026-05,1,2353.0,1167.0,1186.0,101.6281062553556
Maize (white),Imvepi (refugee settlement),KG,2022-06,1,2214.0,1100.0,1114.0,101.27272727272727
Leafy vegetables,Kyaka II (refugee settlement),KG,2022-02,1,1429.0,714.0,715.0,100.14005602240897
Charcoal,Kiryandongo (refugee settlement),KG,2022-10,1,1667.0,833.0,834.0,100.12004801920769
Batteries,Kyangwali (refugee settlement),Pair,2025-09,1,2000.0,1000.0,1000.0,100.0
Cassava flour,Kotido,KG,2022-07,1,2000.0,1000.0,1000.0,100.0
Cassava flour,Masindi,KG,2022-12,1,4000.0,2000.0,2000.0,100.0
Exercise Book (48 pages),Bidibidi (refugee settlement),Unit,2023-03,1,1000.0,500.0,500.0,100.0
Exercise Book (48 pages),Kyaka II (refugee settlement),Unit,2024-12,1,1000.0,500.0,500.0,100.0
Exercise Book (48 pages),Kyaka II (refugee settlement),Unit,2025-09,1,1000.0,500.0,500.0,100.0
Exercise Book (48 pages),Kyangwali (refugee settlement),Unit,2026-06,1,1000.0,500.0,500.0,100.0
Fish (dry),Kyaka II (refugee settlement),KG,2021-03,1,25000.0,12500.0,12500.0,100.0
Jerrycan (5L),Palorinya (refugee settlement),Unit,2022-03,1,2000.0,1000.0,1000.0,100.0
Leafy vegetables,Rhino Camp (refugee settlement),KG,2023-02,1,3750.0,1875.0,1875.0,100.0
Maize (white),Iganga,KG,2015-05,1,1000.0,500.0,500.0,100.0
Milk (fresh),Bidibidi (refugee settlement),L,2023-01,1,2000.0,1000.0,1000.0,100.0
Milk (fresh),Lobule (refugee settlement),L,2025-04,1,2000.0,1000.0,1000.0,100.0
Milk (fresh),Nakivale (refugee settlement),L,2025-01,1,2000.0,1000.0,1000.0,100.0
Milk (fresh),Palorinya (refugee settlement),L,2025-04,1,2000.0,1000.0,1000.0,100.0
Millet,Karita,KG,2025-05,1,5000.0,2500.0,2500.0,100.0
Mug (plastic),Nakivale (refugee settlement),Unit,2024-12,1,1000.0,500.0,500.0,100.0
Mug (plastic),Palabek (refugee settlement),Unit,2024-06,1,2000.0,1000.0,1000.0,100.0
Mug (plastic),Palorinya (refugee settlement),Unit,2026-06,1,1000.0,500.0,500.0,100.0
Mug (plastic),Rwamwanja (refugee settlement),Unit,2024-12,1,2000.0,1000.0,1000.0,100.0
Panga,Imvepi (refugee settlement),Unit,2022-03,1,10000.0,5000.0,5000.0,100.0
Pencil,Adjumani (refugee settlement),Unit,2022-06,1,200.0,100.0,100.0,100.0
Pencil,Bidibidi (refugee settlement),Unit,2022-09,1,200.0,100.0,100.0,100.0
Pencil,Imvepi (refugee settlement),Unit,2025-09,1,200.0,100.0,100.0,100.0
Pencil,Kyangwali (refugee settlement),Unit,2025-06,1,200.0,100.0,100.0,100.0
Pencil,Lobule (refugee settlement),Unit,2021-12,1,200.0,100.0,100.0,100.0
Pencil,Lobule (refugee settlement),Unit,2023-09,1,200.0,100.0,100.0,100.0
Pencil,Rhino Camp (refugee settlement),Unit,2022-12,1,200.0,100.0,100.0,100.0
Pencil,Rwamwanja (refugee settlement),Unit,2025-03,1,200.0,100.0,100.0,100.0
Plate (plastic),Kiryandongo (refugee settlement),Unit,2021-09,1,1000.0,500.0,500.0,100.0
Plate (plastic),Kiryandongo (refugee settlement),Unit,2025-09,1,1000.0,500.0,500.0,100.0
Plate (plastic),Palabek (refugee settlement),Unit,2022-09,1,2000.0,1000.0,1000.0,100.0
Rope,Adjumani (refugee settlement),Unit,2022-09,1,1000.0,500.0,500.0,100.0
Rope,Lobule (refugee settlement),Unit,2023-03,1,2000.0,1000.0,1000.0,100.0
Rope,Lobule (refugee settlement),Unit,2023-12,1,2000.0,1000.0,1000.0,100.0
Rope,Nakivale (refugee settlement),Unit,2022-12,1,2000.0,1000.0,1000.0,100.0
Rope,Nakivale (refugee settlement),Unit,2024-03,1,3000.0,1500.0,1500.0,100.0
Rope,Oruchinga (refugee settlement),Unit,2022-12,1,3000.0,1500.0,1500.0,100.0
Rope,Palabek (refugee settlement),Unit,2022-12,1,2000.0,1000.0,1000.0,100.0
Serving spoon,Adjumani (refugee settlement),Unit,2023-12,1,2000.0,1000.0,1000.0,100.0
Serving spoon,Kyaka II (refugee settlement),Unit,2025-09,1,2000.0,1000.0,1000.0,100.0
Serving spoon,Nakivale (refugee settlement),Unit,2022-09,1,5000.0,2500.0,2500.0,100.0
Sorghum,Gulu,KG,2019-02,1,800.0,400.0,400.0,100.0
Sorghum,Jinja,KG,2014-04,1,1400.0,700.0,700.0,100.0
Sorghum,Jinja,KG,2020-09,1,2000.0,1000.0,1000.0,100.0
Sorghum,Kotido,KG,2022-07,1,2000.0,1000.0,1000.0,100.0
Torch,Bidibidi (refugee settlement),Unit,2022-09,1,2000.0,1000.0,1000.0,100.0
Torch,Imvepi (refugee settlement),Unit,2022-09,1,2000.0,1000.0,1000.0,100.0
Torch,Kyaka II (refugee settlement),Unit,2025-03,1,1000.0,500.0,500.0,100.0
Torch,Kyangwali (refugee settlement),Unit,2021-12,1,2000.0,1000.0,1000.0,100.0
Torch,Lobule (refugee settlement),Unit,2022-09,1,2000.0,1000.0,1000.0,100.0
Torch,Nakivale (refugee settlement),Unit,2022-12,1,2000.0,1000.0,1000.0,100.0
Torch,Oruchinga (refugee settlement),Unit,2022-09,1,2000.0,1000.0,1000.0,100.0
Torch,Palorinya (refugee settlement),Unit,2022-09,1,1000.0,500.0,500.0,100.0
Torch,Palorinya (refugee settlement),Unit,2025-06,1,1000.0,500.0,500.0,100.0
Underwear,Kiryandongo (refugee settlement),Unit,2024-02,1,7000.0,3500.0,3500.0,100.0
Underwear,Rwamwanja (refugee settlement),Unit,2026-06,1,3000.0,1500.0,1500.0,100.0
Wooden mingle,Imvepi (refugee settlement),Unit,2024-03,1,3000.0,1500.0,1500.0,100.0
Leafy vegetables,Imvepi (refugee settlement),KG,2023-02,1,3333.0,1667.0,1666.0,99.94001199760048
Leafy vegetables,Lobule (refugee settlement),KG,2024-01,1,3333.0,1667.0,1666.0,99.94001199760048
Leafy vegetables,Oruchinga (refugee settlement),KG,2024-02,1,3333.0,1667.0,1666.0,99.94001199760048
Leafy vegetables,Oruchinga (refugee settlement),KG,2026-05,1,3333.0,1667.0,1666.0,99.94001199760048
Charcoal,Adjumani (refugee settlement),KG,2025-05,1,1287.0,645.0,642.0,99.53488372093024
Charcoal,Bidibidi (refugee settlement),KG,2025-10,1,1365.0,685.0,680.0,99.27007299270073
Underwear,Imvepi (refugee settlement),Unit,2025-07,1,2750.0,1383.0,1367.0,98.84309472161966
Oil (vegetable),Kapchorwa,L,2023-04,1,7000.0,3524.0,3476.0,98.63791146424518
Firewood,Palorinya (refugee settlement),KG,2025-09,1,286.0,144.0,142.0,98.61111111111111
Firewood,Nakivale (refugee settlement),KG,2022-03,1,238.0,120.0,118.0,98.33333333333333
Fish (dry),Lobule (refugee settlement),KG,2024-07,1,30000.0,15152.0,14848.0,97.9936642027455
Leafy vegetables,Imvepi (refugee settlement),KG,2021-09,1,1429.0,722.0,707.0,97.92243767313019
Plate (plastic),Imvepi (refugee settlement),Unit,2021-12,1,989.58,500.0,489.58000000000004,97.916
Leafy vegetables,Kiryandongo (refugee settlement),KG,2021-11,1,2222.0,1125.0,1097.0,97.51111111111112
Sorghum,Owino,KG,2020-11,1,1975.0,1000.0,975.0,97.5
Serving spoon,Adjumani (refugee settlement),Unit,2024-06,1,2114.0,1071.0,1043.0,97.38562091503267
Charcoal,Bidibidi (refugee settlement),KG,2026-05,1,649.0,329.0,320.0,97.26443768996961
Maize (white),Iganga,KG,2025-04,1,2000.0,1014.0,986.0,97.2386587771203
Beans,Oruchinga (refugee settlement),KG,2023-03,1,3550.0,1800.0,1750.0,97.22222222222221
Leafy vegetables,Adjumani (refugee settlement),KG,2023-02,1,2958.0,1500.0,1458.0,97.2
Laundry soap,Palabek (refugee settlement),KG,2022-03,1,6500.0,3310.2,3189.8,96.36275753730892
Leafy vegetables,Rhino Camp (refugee settlement),KG,2023-08,1,1458.0,744.0,714.0,95.96774193548387
Jerrycan (5L),Palabek (refugee settlement),Unit,2023-09,1,2286.0,1167.0,1119.0,95.88688946015425
Mug (plastic),Oruchinga (refugee settlement),Unit,2022-03,1,977.78,500.0,477.78,95.556
Wooden mingle,Oruchinga (refugee settlement),Unit,2026-03,1,2115.0,1083.0,1032.0,95.29085872576178
Maize flour,Arua,KG,2025-01,1,4000.0,2050.0,1950.0,95.1219512195122
Firewood,Palabek (refugee settlement),KG,2024-01,1,580.0,298.0,282.0,94.63087248322147
Leafy vegetables,Kyaka II (refugee settlement),KG,2023-08,1,2500.0,1285.0,1215.0,94.55252918287937
Fish (dry),Oruchinga (refugee settlement),KG,2022-10,1,17500.0,9000.0,8500.0,94.44444444444444
Sorghum,Lira,KG,2024-05,1,875.0,450.0,425.0,94.44444444444444
Leafy vegetables,Palorinya (refugee settlement),KG,2026-04,1,2429.0,1250.0,1179.0,94.32000000000001
Beans,Makaratin,KG,2022-08,1,4533.0,2333.0,2200.0,94.29918559794255
Sorghum,Kaabong,KG,2020-05,1,833.0,430.0,403.0,93.72093023255815
Leafy vegetables,Kiryandongo (refugee settlement),KG,2024-11,1,3056.0,1578.0,1478.0,93.66286438529785
Leafy vegetables,Kyangwali (refugee settlement),KG,2025-10,1,3333.0,1724.0,1609.0,93.32946635730859
Maize (white),Kapchorwa,KG,2019-02,1,966.0,500.0,466.0,93.2
Fish (dry),Palorinya (refugee settlement),KG,2023-12,1,18750.0,9722.0,9028.0,92.86155112116849
Leafy vegetables,Palabek (refugee settlement),KG,2021-01,1,3214.0,1667.0,1547.0,92.80143971205759
Firewood,Bidibidi (refugee settlement),KG,2025-03,1,385.0,200.0,185.0,92.5
Sorghum,Iganga,KG,2022-03,1,2500.0,1300.0,1200.0,92.3076923076923
Leafy vegetables,Lobule (refugee settlement),KG,2024-05,1,1921.0,1000.0,921.0,92.10000000000001
Millet,Gulu,KG,2025-05,1,6000.0,3125.0,2875.0,92.0
Leafy vegetables,Oruchinga (refugee settlement),KG,2025-03,1,2000.0,1042.0,958.0,91.93857965451056
Charcoal,Kyaka II (refugee settlement),KG,2023-11,1,1833.0,955.0,878.0,91.93717277486911
Millet,Owino,KG,2018-12,1,2750.0,1433.0,1317.0,91.90509420795534
Sorghum,Owino,KG,2014-06,1,1583.0,825.0,758.0,91.87878787878788
Milk (fresh),Kyangwali (refugee settlement),L,2025-04,1,2000.0,1043.0,957.0,91.75455417066155
Jerrycan (5L),Adjumani (refugee settlement),Unit,2022-03,1,1916.67,1000.0,916.6700000000001,91.66700000000002
Jerrycan (5L),Kiryandongo (refugee settlement),Unit,2022-03,1,1916.67,1000.0,916.6700000000001,91.66700000000002
Charcoal,Kyangwali (refugee settlement),KG,2025-04,1,1176.0,614.0,562.0,91.53094462540716
Cassava (fresh),Kyaka II (refugee settlement),KG,2025-09,1,639.0,334.0,305.0,91.31736526946108
Leafy vegetables,Kyangwali (refugee settlement),KG,2025-06,1,4167.0,2180.0,1987.0,91.14678899082568
Cassava (fresh),Kyangwali (refugee settlement),KG,2022-06,1,682.0,357.0,325.0,91.03641456582633
Fish (dry),Kyangwali (refugee settlement),KG,2021-10,1,30556.0,16000.0,14556.0,90.975
Maize (white),Palabek (refugee settlement),KG,2022-02,1,1833.0,960.0,873.0,90.9375
Jerrycan (5L),Adjumani (refugee settlement),Unit,2021-09,1,3500.0,1833.33,1666.67,90.90943801716004
Plate (plastic),Kyangwali (refugee settlement),Unit,2025-03,1,1000.0,524.0,476.0,90.83969465648855
Firewood,Kyangwali (refugee settlement),KG,2022-06,1,476.0,249.87,226.13,90.49905951094568
Maize (white),Kyangwali (refugee settlement),KG,2026-03,1,969.0,509.0,460.0,90.37328094302553
Sorghum,Soroti,KG,2022-08,1,1350.0,710.0,640.0,90.14084507042254
Cassava flour,Soroti,KG,2022-09,1,1900.0,1000.0,900.0,90.0
Milk (fresh),Palabek (refugee settlement),L,2022-07,1,1900.0,1000.0,900.0,90.0
Millet,Soroti,KG,2024-01,1,3800.0,2000.0,1800.0,90.0
Rope,Oruchinga (refugee settlement),Unit,2024-09,1,1900.0,1000.0,900.0,90.0
Underwear,Oruchinga (refugee settlement),Unit,2025-01,1,3800.0,2000.0,1800.0,90.0
Charcoal,Lobule (refugee settlement),KG,2025-10,1,1652.0,870.0,782.0,89.88505747126436
Cassava (fresh),Kiryandongo (refugee settlement),KG,2025-06,1,1067.0,562.0,505.0,89.85765124555161
Fish (dry),Kyangwali (refugee settlement),KG,2022-08,1,25833.0,13636.0,12197.0,89.44705192138457
Jerrycan (20L),Adjumani (refugee settlement),Unit,2023-12,1,10000.0,5286.0,4714.0,89.17896329928112
Sanitary pads,Bidibidi (refugee settlement),Packet,2022-07,1,2125.0,1125.0,1000.0,88.88888888888889
Wooden mingle,Palabek (refugee settlement),Unit,2026-03,1,1825.0,967.0,858.0,88.72802481902792
Maize (white),Gulu,KG,2015-02,1,1000.0,530.0,470.0,88.67924528301887
Millet,Lira,KG,2021-10,1,2640.0,1400.0,1240.0,88.57142857142857
Leafy vegetables,Rwamwanja (refugee settlement),KG,2023-11,1,2917.0,1548.0,1369.0,88.43669250645995
Fish (dry),Palorinya (refugee settlement),KG,2021-10,1,11548.0,6129.0,5419.0,88.41572850383423
Leafy vegetables,Adjumani (refugee settlement),KG,2023-09,1,2775.0,1473.0,1302.0,88.39103869653768
Firewood,Imvepi (refugee settlement),KG,2025-02,1,226.0,120.0,106.0,88.33333333333333
Millet flour,Palabek (refugee settlement),KG,2024-06,1,4000.0,2125.0,1875.0,88.23529411764706
Cassava (fresh),Kyangwali (refugee settlement),KG,2022-08,1,743.0,395.0,348.0,88.10126582278481
Sorghum,Iganga,KG,2012-04,1,1132.0,602.0,530.0,88.03986710963456
Beans,Iganga,KG,2015-05,1,3000.0,1600.0,1400.0,87.5
Cassava flour,Gulu,KG,2021-07,1,3000.0,1600.0,1400.0,87.5
Maize (white),Owino,KG,2015-04,1,1500.0,800.0,700.0,87.5
Millet,Tororo,KG,2024-01,1,6000.0,3200.0,2800.0,87.5
Plate (plastic),Kyaka II (refugee settlement),Unit,2024-12,1,1875.0,1000.0,875.0,87.5
Rope,Rwamwanja (refugee settlement),Unit,2024-12,1,1875.0,1000.0,875.0,87.5
Underwear,Oruchinga (refugee settlement),Unit,2023-02,1,3750.0,2000.0,1750.0,87.5
Wooden mingle,Kyaka II (refugee settlement),Unit,2025-06,1,1875.0,1000.0,875.0,87.5
Wooden mingle,Rwamwanja (refugee settlement),Unit,2025-09,1,1875.0,1000.0,875.0,87.5
Charcoal,Oruchinga (refugee settlement),KG,2022-06,1,1250.0,666.67,583.33,87.49906250468749
Leafy vegetables,Rwamwanja (refugee settlement),KG,2024-01,1,5000.0,2667.0,2333.0,87.47656542932134
Maize flour,Masindi,KG,2021-07,1,2750.0,1467.0,1283.0,87.4573960463531
Charcoal,Oruchinga (refugee settlement),KG,2025-07,1,1561.0,834.0,727.0,87.17026378896882
Maize (white),Kotido,KG,2022-07,1,2400.0,1283.0,1117.0,87.06157443491817
Laundry soap,Palabek (refugee settlement),KG,2022-06,1,8000.0,4285.71,3714.29,86.66685333352
Sorghum,Kiryandongo (refugee settlement),KG,2022-02,1,2333.0,1250.0,1083.0,86.64
Exercise Book (48 pages),Palabek (refugee settlement),Unit,2022-09,1,933.0,500.0,433.0,86.6
Firewood,Rhino Camp (refugee settlement),KG,2024-04,1,263.0,141.0,122.0,86.52482269503547
Sorghum,Gulu,KG,2025-09,1,2360.0,1267.0,1093.0,86.26677190213103
Cassava (fresh),Palorinya (refugee settlement),KG,2021-10,1,918.0,493.0,425.0,86.20689655172413
Mug (plastic),Kyaka II (refugee settlement),Unit,2022-03,1,1000.0,538.0,462.0,85.87360594795538
Laundry soap,Nakivale (refugee settlement),KG,2022-07,1,6500.0,3500.0,3000.0,85.71428571428571
Leafy vegetables,Kiryandongo (refugee settlement),KG,2025-04,1,7421.0,4000.0,3421.0,85.52499999999999
Milk (fresh),Bidibidi (refugee settlement),L,2025-04,1,1900.0,1025.0,875.0,85.36585365853658
Exercise Book (48 pages),Imvepi (refugee settlement),Unit,2024-12,1,1000.0,540.0,460.0,85.18518518518519
Serving spoon,Palorinya (refugee settlement),Unit,2026-03,1,2500.0,1350.0,1150.0,85.18518518518519
Charcoal,Oruchinga (refugee settlement),KG,2022-12,1,1111.0,600.0,511.0,85.16666666666667
Serving spoon,Kyangwali (refugee settlement),Unit,2025-09,1,1850.0,1000.0,850.0,85.0
Leafy vegetables,Rhino Camp (refugee settlement),KG,2026-04,1,2885.0,1561.0,1324.0,84.81742472773863
Leafy vegetables,Palabek (refugee settlement),KG,2021-10,1,1319.0,714.0,605.0,84.73389355742297
Milk (fresh),Oruchinga (refugee settlement),L,2025-04,1,2000.0,1083.0,917.0,84.67220683287165
Cassava (fresh),Palorinya (refugee settlement),KG,2026-01,1,1058.0,573.0,485.0,84.64223385689354
Cassava (fresh),Rwamwanja (refugee settlement),KG,2025-10,1,1026.0,556.0,470.0,84.53237410071942
Wooden mingle,Lobule (refugee settlement),Unit,2026-03,1,3000.0,1628.0,1372.0,84.27518427518427
Fish (dry),Palorinya (refugee settlement),KG,2021-01,1,13158.0,7143.0,6015.0,84.20831583368333
Wooden mingle,Adjumani (refugee settlement),Unit,2026-03,1,1842.0,1000.0,842.0,84.2
Cassava (fresh),Rhino Camp (refugee settlement),KG,2024-07,1,822.0,447.0,375.0,83.89261744966443
Plate (plastic),Oruchinga (refugee settlement),Unit,2022-06,1,1500.0,817.0,683.0,83.5985312117503
Pen,Kyangwali (refugee settlement),Unit,2024-12,1,1000.0,545.0,455.0,83.4862385321101
Laundry soap,Oruchinga (refugee settlement),KG,2022-07,1,6420.0,3500.0,2920.0,83.42857142857143
Maize (white),Makaratin,KG,2025-07,1,2338.0,1275.0,1063.0,83.37254901960785
Rope,Rwamwanja (refugee settlement),Unit,2025-09,1,2750.0,1500.0,1250.0,83.33333333333334
Underwear,Imvepi (refugee settlement),Unit,2023-02,1,2750.0,1500.0,1250.0,83.33333333333334
Torch,Rhino Camp (refugee settlement),Unit,2022-09,1,1833.0,1000.0,833.0,83.3
Laundry soap,Adjumani (refugee settlement),KG,2022-03,1,7000.0,3821.43,3178.57,83.17750161588725
Maize (white),Rhino Camp (refugee settlement),KG,2025-10,1,2300.0,1256.0,1044.0,83.12101910828027
Leafy vegetables,Oruchinga (refugee settlement),KG,2022-11,1,2222.0,1214.0,1008.0,83.03130148270182
Charcoal,Palabek (refugee settlement),KG,2022-03,1,571.43,312.5,258.92999999999995,82.85759999999999
Maize,Busia,KG,2009-03,1,799.52,437.46,362.06,82.76413843551411
Maize (white),Hoima,KG,2022-07,1,2375.0,1300.0,1075.0,82.6923076923077
Leafy vegetables,Adjumani (refugee settlement),KG,2026-05,1,2353.0,1288.0,1065.0,82.6863354037267
Firewood,Kiryandongo (refugee settlement),KG,2025-02,1,535.0,293.0,242.0,82.5938566552901
Firewood,Kyangwali (refugee settlement),KG,2025-01,1,279.0,153.0,126.0,82.35294117647058
Exercise Book (48 pages),Rwamwanja (refugee settlement),Unit,2024-12,1,911.0,500.0,411.0,82.19999999999999
Wooden mingle,Rhino Camp (refugee settlement),Unit,2026-03,1,2167.0,1190.0,977.0,82.10084033613445
Serving spoon,Kiryandongo (refugee settlement),Unit,2025-03,1,2125.0,1167.0,958.0,82.09083119108827
Cassava (fresh),Palabek (refugee settlement),KG,2023-11,1,1542.0,847.0,695.0,82.0543093270366
Serving spoon,Lobule (refugee settlement),Unit,2025-12,1,1820.0,1000.0,820.0,82.0
Fish (dry),Oruchinga (refugee settlement),KG,2021-04,1,18196.0,10000.0,8196.0,81.96
Fish (dry),Palabek (refugee settlement),KG,2025-03,1,40701.0,22372.0,18329.0,81.9283032361881
Leafy vegetables,Imvepi (refugee settlement),KG,2023-10,1,2436.0,1339.0,1097.0,81.92681105302465
Leafy vegetables,Rwamwanja (refugee settlement),KG,2022-08,1,4000.0,2200.0,1800.0,81.81818181818183
Maize (white),Lira,KG,2015-05,1,1000.0,550.0,450.0,81.81818181818183
Pen,Nakivale (refugee settlement),Unit,2021-12,1,1000.0,550.0,450.0,81.81818181818183
Fish (dry),Lobule (refugee settlement),KG,2022-01,1,16667.0,9167.0,7500.0,81.81520671975564
Charcoal,Oruchinga (refugee settlement),KG,2023-12,1,1818.0,1000.0,818.0,81.8
Leafy vegetables,Lobule (refugee settlement),KG,2022-10,1,3030.0,1667.0,1363.0,81.76364727054589
Firewood,Nakivale (refugee settlement),KG,2022-10,1,545.0,300.0,245.0,81.66666666666667
Charcoal,Bidibidi (refugee settlement),KG,2023-07,1,790.0,435.0,355.0,81.60919540229885
Sorghum,Kiboga,KG,2012-06,1,1300.0,717.0,583.0,81.3110181311018
Cassava (fresh),Kiryandongo (refugee settlement),KG,2025-03,1,1161.0,641.0,520.0,81.1232449297972
Leafy vegetables,Kyangwali (refugee settlement),KG,2021-08,1,1431.0,791.0,640.0,80.9102402022756
Millet,Lira,KG,2023-06,1,4650.0,2575.0,2075.0,80.58252427184466
Leafy vegetables,Palorinya (refugee settlement),KG,2025-11,1,2000.0,1108.0,892.0,80.50541516245488
Firewood,Palabek (refugee settlement),KG,2026-05,1,322.0,178.83,143.17,80.05927417100038
Charcoal,Oruchinga (refugee settlement),KG,2025-11,1,2000.0,1111.0,889.0,80.01800180018002
Fish (dry),Lobule (refugee settlement),KG,2025-04,1,20000.0,11111.0,8889.0,80.00180001800018
Cassava flour,Lira,KG,2024-03,1,2700.0,1500.0,1200.0,80.0
Cassava flour,Makaratin,KG,2023-10,1,1800.0,1000.0,800.0,80.0
Mug (plastic),Kiryandongo (refugee settlement),Unit,2025-09,1,900.0,500.0,400.0,80.0
Jerrycan (5L),Palorinya (refugee settlement),Unit,2023-12,1,3000.0,1667.0,1333.0,79.96400719856028
Underwear,Rhino Camp (refugee settlement),Unit,2022-09,1,3000.0,1667.0,1333.0,79.96400719856028
Charcoal,Adjumani (refugee settlement),KG,2025-12,1,1000.0,556.0,444.0,79.85611510791367
Cassava flour,Lira,KG,2025-02,1,2742.0,1525.0,1217.0,79.80327868852459
Plantains,Owino,KG,2013-08,2,2635.5,1466.625,1168.875,79.69828688315009
Cassava flour,Mbarara,KG,2022-02,1,2000.0,1113.0,887.0,79.69451931716083
Sanitary pads,Adjumani (refugee settlement),Packet,2023-03,1,2692.0,1500.0,1192.0,79.46666666666667
Beans,Imvepi (refugee settlement),KG,2022-03,1,2333.0,1300.0,1033.0,79.46153846153847
Millet flour,Adjumani (refugee settlement),KG,2022-06,1,6800.0,3800.0,3000.0,78.94736842105263
Beans,Oruchinga (refugee settlement),KG,2022-04,1,2500.0,1400.0,1100.0,78.57142857142857
Milk (fresh),Imvepi (refugee settlement),L,2024-12,1,2500.0,1400.0,1100.0,78.57142857142857
Millet,Jinja,KG,2022-01,1,2500.0,1400.0,1100.0,78.57142857142857
Cassava (fresh),Kyaka II (refugee settlement),KG,2024-12,1,819.0,460.0,359.0,78.04347826086956
Millet,Arua,KG,2025-05,1,4250.0,2388.0,1862.0,77.97319932998325
Firewood,Rwamwanja (refugee settlement),KG,2026-01,1,468.0,263.0,205.0,77.9467680608365
Fish (dry),Palabek (refugee settlement),KG,2023-09,1,30139.0,16944.0,13195.0,77.87417374881964
Pole,Bidibidi (refugee settlement),Unit,2025-09,1,10000.0,5622.0,4378.0,77.87264318747776
Firewood,Kyaka II (refugee settlement),KG,2022-07,1,329.0,185.0,144.0,77.83783783783784
Maize flour,Kapchorwa,KG,2011-07,1,1600.0,900.0,700.0,77.77777777777779
Pole,Palorinya (refugee settlement),Unit,2026-03,1,12000.0,6750.0,5250.0,77.77777777777779
Cassava (fresh),Oruchinga (refugee settlement),KG,2023-09,1,1111.0,625.0,486.0,77.75999999999999
Beans,Oruchinga (refugee settlement),KG,2026-04,1,2625.0,1477.0,1148.0,77.72511848341233
Leafy vegetables,Palorinya (refugee settlement),KG,2025-10,1,1108.0,625.0,483.0,77.28
Maize flour,Imvepi (refugee settlement),KG,2021-08,1,2955.0,1667.0,1288.0,77.26454709058189
Firewood,Nakivale (refugee settlement),KG,2023-02,1,638.0,360.0,278.0,77.22222222222223
Firewood,Adjumani (refugee settlement),KG,2022-10,1,354.0,200.0,154.0,77.0
Plantains,Owino,KG,2009-07,2,601.73,340.19,261.54,76.88056674211471
Cassava (fresh),Kiryandongo (refugee settlement),KG,2023-08,1,1538.0,870.0,668.0,76.7816091954023
Underwear,Palorinya (refugee settlement),Unit,2026-01,1,2286.0,1294.0,992.0,76.66151468315302
Panga,Palabek (refugee settlement),Unit,2023-09,1,8833.0,5000.0,3833.0,76.66
Cassava (fresh),Palorinya (refugee settlement),KG,2024-07,1,800.0,453.0,347.0,76.60044150110376
Maize (white),Karita,KG,2022-04,1,1707.0,967.0,740.0,76.5253360910031
Cassava flour,Mbale,KG,2022-05,1,1883.0,1067.0,816.0,76.47610121836927
Hoe,Kiryandongo (refugee settlement),Unit,2025-06,1,15000.0,8500.0,6500.0,76.47058823529412
Maize (white),Hoima,KG,2021-09,1,1500.0,850.0,650.0,76.47058823529412
Exercise Book (48 pages),Palabek (refugee settlement),Unit,2023-06,1,1000.0,567.0,433.0,76.3668430335097
Leafy vegetables,Rhino Camp (refugee settlement),KG,2025-11,1,2000.0,1136.0,864.0,76.05633802816901
Millet flour,Palorinya (refugee settlement),KG,2021-04,1,4400.0,2500.0,1900.0,76.0
Maize (white),Namalu,KG,2022-08,1,1750.0,995.0,755.0,75.87939698492463
Leafy vegetables,Kyangwali (refugee settlement),KG,2025-03,1,2174.0,1237.0,937.0,75.74777687954729
Millet,Kapchorwa,KG,2025-04,1,3500.0,1995.0,1505.0,75.43859649122807
Charcoal,Lobule (refugee settlement),KG,2023-08,1,1250.0,714.0,536.0,75.07002801120449
Leafy vegetables,Nakivale (refugee settlement),KG,2022-03,1,1250.0,714.0,536.0,75.07002801120449
Fish (dry),Oruchinga (refugee settlement),KG,2025-11,1,15000.0,8571.0,6429.0,75.00875043752188
Batteries,Kiryandongo (refugee settlement),Pair,2023-06,1,1750.0,1000.0,750.0,75.0
Beans,Namalu,KG,2019-04,1,3500.0,2000.0,1500.0,75.0
Cassava flour,Gulu,KG,2015-06,1,3500.0,2000.0,1500.0,75.0
Cassava flour,Kasese,KG,2025-06,1,1750.0,1000.0,750.0,75.0
Firewood,Oruchinga (refugee settlement),KG,2022-03,1,238.0,136.0,102.0,75.0
Laundry soap,Imvepi (refugee settlement),KG,2021-09,1,3500.0,2000.0,1500.0,75.0
Maize flour,Bidibidi (refugee settlement),KG,2023-01,1,3500.0,2000.0,1500.0,75.0
Millet,Lira,KG,2024-01,1,3500.0,2000.0,1500.0,75.0
Pencil,Palabek (refugee settlement),Unit,2023-09,1,350.0,200.0,150.0,75.0
Sanitary pads,Lobule (refugee settlement),Packet,2023-11,1,3500.0,2000.0,1500.0,75.0
Leafy vegetables,Palorinya (refugee settlement),KG,2025-02,1,2361.0,1351.0,1010.0,74.75943745373797
Sorghum,Kyangwali (refugee settlement),KG,2025-05,1,4367.0,2500.0,1867.0,74.68
Leafy vegetables,Nakivale (refugee settlement),KG,2025-02,1,2173.0,1244.0,929.0,74.67845659163987
Leafy vegetables,Palabek (refugee settlement),KG,2024-11,1,3333.0,1911.0,1422.0,74.41130298273156
Fish (dry),Palorinya (refugee settlement),KG,2025-01,1,20000.0,11476.0,8524.0,74.27675148135239
Sorghum,Nakivale (refugee settlement),KG,2026-03,1,2355.0,1352.0,1003.0,74.18639053254438
Pole,Palorinya (refugee settlement),Unit,2025-09,1,10000.0,5750.0,4250.0,73.91304347826086
Sorghum,Jinja,KG,2022-02,1,2000.0,1150.0,850.0,73.91304347826086
Cassava (fresh),Palorinya (refugee settlement),KG,2026-03,1,911.0,525.0,386.0,73.52380952380952
Sorghum,Lira,KG,2018-10,1,867.0,500.0,367.0,73.4
Charcoal,Palabek (refugee settlement),KG,2025-12,1,1508.0,870.0,638.0,73.33333333333333
Firewood,Imvepi (refugee settlement),KG,2025-09,1,234.0,135.0,99.0,73.33333333333333
Sorghum,Kyangwali (refugee settlement),KG,2024-10,1,1733.0,1000.0,733.0,73.3
Firewood,Imvepi (refugee settlement),KG,2021-06,1,180.39,104.17,76.21999999999998,73.1688585965249
Cassava (fresh),Palabek (refugee settlement),KG,2024-11,1,1176.0,680.0,496.0,72.94117647058823
Firewood,Kyaka II (refugee settlement),KG,2021-12,1,373.0,215.83,157.17,72.82120187184357
Maize (white),Jinja,KG,2022-01,1,1408.0,815.0,593.0,72.76073619631902
Cassava (fresh),Palorinya (refugee settlement),KG,2023-03,1,1007.0,583.0,424.0,72.72727272727273
Beans,Lira,KG,2025-02,1,3660.0,2120.0,1540.0,72.64150943396226
Cassava flour,Jinja,KG,2013-02,1,836.0,485.0,351.0,72.37113402061856
Exercise Book (48 pages),Kyangwali (refugee settlement),Unit,2024-12,1,848.0,493.0,355.0,72.00811359026369
Maize (white),Tororo,KG,2022-06,1,2150.0,1250.0,900.0,72.0
Cassava (fresh),Palabek (refugee settlement),KG,2021-08,1,526.0,306.0,220.0,71.89542483660131
Firewood,Kyaka II (refugee settlement),KG,2024-12,1,550.0,320.0,230.0,71.875
Wooden mingle,Kyaka II (refugee settlement),Unit,2026-03,1,2219.0,1292.0,927.0,71.74922600619195
Cassava (fresh),Imvepi (refugee settlement),KG,2023-04,1,563.0,328.0,235.0,71.64634146341463
Sorghum,Adjumani (refugee settlement),KG,2024-10,1,1750.0,1020.0,730.0,71.56862745098039
Pen,Kyaka II (refugee settlement),Unit,2024-12,1,1000.0,583.0,417.0,71.52658662092625
Leafy vegetables,Kiryandongo (refugee settlement),KG,2025-03,1,4000.0,2333.0,1667.0,71.45306472353194
Millet,Hoima,KG,2023-06,1,6000.0,3500.0,2500.0,71.42857142857143
Millet,Kapchorwa,KG,2024-01,1,4800.0,2800.0,2000.0,71.42857142857143
Plate (plastic),Lobule (refugee settlement),Unit,2023-12,1,1200.0,700.0,500.0,71.42857142857143
Sorghum,Iganga,KG,2024-09,1,1800.0,1050.0,750.0,71.42857142857143
Underwear,Bidibidi (refugee settlement),Unit,2025-04,1,3000.0,1750.0,1250.0,71.42857142857143
Fish (dry),Oruchinga (refugee settlement),KG,2025-04,1,8571.0,5000.0,3571.0,71.41999999999999
Maize flour,Palorinya (refugee settlement),KG,2025-11,1,2571.0,1500.0,1071.0,71.39999999999999
Charcoal,Imvepi (refugee settlement),KG,2025-11,1,1315.0,769.0,546.0,71.00130039011704
Pole,Palabek (refugee settlement),Unit,2026-06,1,13333.0,7805.0,5528.0,70.8263933376041
Sorghum,Bidibidi (refugee settlement),KG,2025-09,1,2037.0,1194.0,843.0,70.60301507537689
Sorghum,Makaratin,KG,2022-04,1,1500.0,880.0,620.0,70.45454545454545
Cassava flour,Mukono,KG,2022-08,1,2300.0,1350.0,950.0,70.37037037037037
Exercise Book (48 pages),Adjumani (refugee settlement),Unit,2024-12,1,1000.0,587.0,413.0,70.35775127768314
Wooden mingle,Lobule (refugee settlement),Unit,2025-06,1,1817.0,1067.0,750.0,70.29053420805998
Firewood,Oruchinga (refugee settlement),KG,2022-08,1,504.0,296.0,208.0,70.27027027027027
Sorghum,Kiryandongo (refugee settlement),KG,2021-11,1,2000.0,1175.0,825.0,70.2127659574468
Leafy vegetables,Oruchinga (refugee settlement),KG,2024-10,1,1702.0,1000.0,702.0,70.19999999999999
Charcoal,Adjumani (refugee settlement),KG,2021-12,1,653.6,384.05,269.55,70.1861736753027
Cassava (fresh),Bidibidi (refugee settlement),KG,2022-10,1,936.0,550.0,386.0,70.18181818181817
Milk (fresh),Kyaka II (refugee settlement),L,2025-04,1,1760.0,1035.0,725.0,70.04830917874396
Beans,Lobule (refugee settlement),KG,2023-04,1,4250.0,2500.0,1750.0,70.0
Pen,Imvepi (refugee settlement),Unit,2023-03,1,850.0,500.0,350.0,70.0
Rope,Adjumani (refugee settlement),Unit,2023-03,1,1700.0,1000.0,700.0,70.0
Sorghum,Tororo,KG,2023-11,1,2040.0,1200.0,840.0,70.0
Jerrycan (5L),Imvepi (refugee settlement),Unit,2025-06,1,2833.0,1667.0,1166.0,69.94601079784043
Sanitary pads,Rhino Camp (refugee settlement),Packet,2023-03,1,2833.0,1667.0,1166.0,69.94601079784043
Leafy vegetables,Palabek (refugee settlement),KG,2022-04,1,1772.0,1043.0,729.0,69.89453499520614
Cassava flour,Jinja,KG,2013-03,1,1420.0,836.0,584.0,69.85645933014354
Maize (white),Bidibidi (refugee settlement),KG,2024-09,1,1528.0,900.0,628.0,69.77777777777779
Sorghum,Kyangwali (refugee settlement),KG,2022-08,1,3300.0,1944.0,1356.0,69.75308641975309
Charcoal,Palorinya (refugee settlement),KG,2025-09,1,833.0,491.0,342.0,69.65376782077392
Firewood,Adjumani (refugee settlement),KG,2025-05,1,305.0,180.0,125.0,69.44444444444444
Cassava (fresh),Lobule (refugee settlement),KG,2025-12,1,1023.0,604.0,419.0,69.37086092715232
Charcoal,Palorinya (refugee settlement),KG,2022-11,1,833.0,492.0,341.0,69.3089430894309
Wooden mingle,Nakivale (refugee settlement),Unit,2026-03,1,2233.0,1319.0,914.0,69.29492039423806
Cassava (fresh),Bidibidi (refugee settlement),KG,2025-04,1,946.0,559.0,387.0,69.23076923076923
Firewood,Kiryandongo (refugee settlement),KG,2025-06,1,502.5,297.0,205.5,69.1919191919192
Millet,Makaratin,KG,2021-05,1,1689.0,1000.0,689.0,68.89999999999999
Firewood,Palorinya (refugee settlement),KG,2024-07,1,508.0,301.0,207.0,68.77076411960132
Basin,Kiryandongo (refugee settlement),Unit,2021-09,1,8000.0,4750.0,3250.0,68.42105263157895
Maize flour,Moroto,KG,2022-08,1,3300.0,1960.0,1340.0,68.36734693877551
Milk (fresh),Palabek (refugee settlement),L,2025-07,1,2000.0,1188.0,812.0,68.35016835016835
Cassava (fresh),Nakivale (refugee settlement),KG,2025-10,1,599.0,356.0,243.0,68.25842696629213
Sorghum,Bidibidi (refugee settlement),KG,2022-11,1,2167.0,1290.0,877.0,67.98449612403101
Charcoal,Palabek (refugee settlement),KG,2025-05,1,1053.0,627.0,426.0,67.94258373205741
Beans,Lira,KG,2009-12,1,1218.95,725.9,493.05000000000007,67.92257886761263
Leafy vegetables,Adjumani (refugee settlement),KG,2024-05,1,1678.0,1000.0,678.0,67.80000000000001
Jerrycan (5L),Oruchinga (refugee settlement),Unit,2026-03,1,3563.0,2125.0,1438.0,67.67058823529412
Maize (white),Mbarara,KG,2025-05,1,2625.0,1569.0,1056.0,67.30401529636711
Underwear,Rhino Camp (refugee settlement),Unit,2025-07,1,3250.0,1944.0,1306.0,67.18106995884774
Pencil,Kyaka II (refugee settlement),Unit,2025-12,1,167.0,100.0,67.0,67.0
Maize (white),Kiboga,KG,2012-05,1,884.0,530.0,354.0,66.79245283018868
Firewood,Palorinya (refugee settlement),KG,2025-06,1,792.0,475.0,317.0,66.73684210526316
Cassava (fresh),Palabek (refugee settlement),KG,2025-02,1,877.0,526.0,351.0,66.73003802281369
Leafy vegetables,Kiryandongo (refugee settlement),KG,2024-05,1,1667.0,1000.0,667.0,66.7
Leafy vegetables,Oruchinga (refugee settlement),KG,2025-10,1,1667.0,1000.0,667.0,66.7
Plate (plastic),Palabek (refugee settlement),Unit,2023-03,1,1667.0,1000.0,667.0,66.7
Leafy vegetables,Palorinya (refugee settlement),KG,2023-04,1,4167.0,2500.0,1667.0,66.67999999999999
Leafy vegetables,Palorinya (refugee settlement),KG,2024-01,1,4167.0,2500.0,1667.0,66.67999999999999
Batteries,Imvepi (refugee settlement),Pair,2024-06,1,2000.0,1200.0,800.0,66.66666666666666
Batteries,Kyangwali (refugee settlement),Pair,2024-06,1,2500.0,1500.0,1000.0,66.66666666666666
Batteries,Lobule (refugee settlement),Pair,2022-09,1,3000.0,1800.0,1200.0,66.66666666666666
Batteries,Oruchinga (refugee settlement),Pair,2022-09,1,2500.0,1500.0,1000.0,66.66666666666666
Cassava flour,Kaabong,KG,2019-12,1,2000.0,1200.0,800.0,66.66666666666666
Fish (dry),Lobule (refugee settlement),KG,2023-08,1,25000.0,15000.0,10000.0,66.66666666666666
Jerrycan (5L),Adjumani (refugee settlement),Unit,2022-09,1,2500.0,1500.0,1000.0,66.66666666666666
Laundry soap,Kiryandongo (refugee settlement),KG,2023-05,1,5000.0,3000.0,2000.0,66.66666666666666
Laundry soap,Palabek (refugee settlement),KG,2025-02,1,5000.0,3000.0,2000.0,66.66666666666666
Leafy vegetables,Adjumani (refugee settlement),KG,2022-11,1,1500.0,900.0,600.0,66.66666666666666
Maize (white),Gulu,KG,2019-04,1,1500.0,900.0,600.0,66.66666666666666
Maize (white),Masindi,KG,2024-07,1,1000.0,600.0,400.0,66.66666666666666
Maize flour,Lira,KG,2011-03,1,1500.0,900.0,600.0,66.66666666666666
Milk (fresh),Bidibidi (refugee settlement),L,2026-04,1,2000.0,1200.0,800.0,66.66666666666666
Milk (fresh),Kyangwali (refugee settlement),L,2022-06,1,2000.0,1200.0,800.0,66.66666666666666
Millet,Gulu,KG,2015-02,1,2000.0,1200.0,800.0,66.66666666666666
Millet,Gulu,KG,2016-03,1,2500.0,1500.0,1000.0,66.66666666666666
Millet,Hoima,KG,2024-03,1,4000.0,2400.0,1600.0,66.66666666666666
Millet,Kaabong,KG,2025-05,1,5000.0,3000.0,2000.0,66.66666666666666
Millet,Kapchorwa,KG,2021-04,1,2500.0,1500.0,1000.0,66.66666666666666
Millet,Makaratin,KG,2024-01,1,3500.0,2100.0,1400.0,66.66666666666666
Millet,Mbale,KG,2019-10,1,2500.0,1500.0,1000.0,66.66666666666666
Millet,Mbarara,KG,2022-02,1,3000.0,1800.0,1200.0,66.66666666666666
Millet,Soroti,KG,2023-06,1,4000.0,2400.0,1600.0,66.66666666666666
Mug (plastic),Imvepi (refugee settlement),Unit,2022-09,1,1000.0,600.0,400.0,66.66666666666666
Mug (plastic),Lobule (refugee settlement),Unit,2023-12,1,2000.0,1200.0,800.0,66.66666666666666
Nails,Imvepi (refugee settlement),KG,2022-09,1,10000.0,6000.0,4000.0,66.66666666666666
Pen,Imvepi (refugee settlement),Unit,2022-09,1,1000.0,600.0,400.0,66.66666666666666
Pen,Imvepi (refugee settlement),Unit,2024-03,1,1000.0,600.0,400.0,66.66666666666666
Pencil,Nakivale (refugee settlement),Unit,2021-12,1,500.0,300.0,200.0,66.66666666666666
Rope,Oruchinga (refugee settlement),Unit,2024-03,1,2500.0,1500.0,1000.0,66.66666666666666
Sanitary pads,Palorinya (refugee settlement),Packet,2022-07,1,2500.0,1500.0,1000.0,66.66666666666666
Serving spoon,Lobule (refugee settlement),Unit,2022-09,1,2500.0,1500.0,1000.0,66.66666666666666
Serving spoon,Lobule (refugee settlement),Unit,2024-06,1,2500.0,1500.0,1000.0,66.66666666666666
Sorghum,Gulu,KG,2015-12,1,2500.0,1500.0,1000.0,66.66666666666666
Sorghum,Imvepi (refugee settlement),KG,2021-01,1,2500.0,1500.0,1000.0,66.66666666666666
Sorghum,Owino,KG,2015-05,1,2500.0,1500.0,1000.0,66.66666666666666
Underwear,Adjumani (refugee settlement),Unit,2023-09,1,5000.0,3000.0,2000.0,66.66666666666666
Underwear,Adjumani (refugee settlement),Unit,2025-09,1,5000.0,3000.0,2000.0,66.66666666666666
Underwear,Lobule (refugee settlement),Unit,2023-06,1,2500.0,1500.0,1000.0,66.66666666666666
Underwear,Lobule (refugee settlement),Unit,2023-11,1,2500.0,1500.0,1000.0,66.66666666666666
Wooden mingle,Adjumani (refugee settlement),Unit,2022-09,1,1000.0,600.0,400.0,66.66666666666666
Wooden mingle,Lobule (refugee settlement),Unit,2022-09,1,1000.0,600.0,400.0,66.66666666666666
Wooden mingle,Palorinya (refugee settlement),Unit,2022-09,1,1000.0,600.0,400.0,66.66666666666666
Charcoal,Kiryandongo (refugee settlement),KG,2021-12,1,1111.1,666.67,444.42999999999995,66.6641666791666
Leafy vegetables,Kiryandongo (refugee settlement),KG,2021-03,1,3333.0,2000.0,1333.0,66.64999999999999
Charcoal,Rwamwanja (refugee settlement),KG,2022-11,1,1333.0,800.0,533.0,66.625
Leafy vegetables,Lobule (refugee settlement),KG,2025-12,1,1866.0,1120.0,746.0,66.60714285714285
Cassava (fresh),Rwamwanja (refugee settlement),KG,2021-12,1,833.0,500.0,333.0,66.60000000000001
Pen,Adjumani (refugee settlement),Unit,2025-06,1,833.0,500.0,333.0,66.60000000000001
Fish (dry),Rwamwanja (refugee settlement),KG,2021-12,1,31250.0,18788.0,12462.0,66.32957206727698
Sorghum,Jinja,KG,2011-08,1,997.0,600.0,397.0,66.16666666666666
Maize (white),Iganga,KG,2017-04,1,2175.0,1313.0,862.0,65.65118050266565
Wooden mingle,Kiryandongo (refugee settlement),Unit,2026-03,1,2254.0,1361.0,893.0,65.61351947097722
Leafy vegetables,Bidibidi (refugee settlement),KG,2026-06,1,1056.0,638.0,418.0,65.51724137931035
Firewood,Kyaka II (refugee settlement),KG,2026-04,1,417.0,252.0,165.0,65.47619047619048
Charcoal,Kyangwali (refugee settlement),KG,2025-11,1,1923.0,1163.0,760.0,65.34823731728288
Milk (fresh),Nakivale (refugee settlement),L,2025-04,1,1800.0,1090.0,710.0,65.13761467889908
Charcoal,Palorinya (refugee settlement),KG,2025-05,1,1065.0,645.0,420.0,65.11627906976744
Exercise Book (48 pages),Adjumani (refugee settlement),Unit,2023-03,1,825.0,500.0,325.0,65.0
Maize (white),Kiryandongo (refugee settlement),KG,2022-05,1,1650.0,1000.0,650.0,65.0
Serving spoon,Lobule (refugee settlement),Unit,2026-03,1,3000.0,1820.0,1180.0,64.83516483516483
Cassava (fresh),Oruchinga (refugee settlement),KG,2022-04,1,717.0,435.0,282.0,64.82758620689654
Beans,Masindi,KG,2025-01,1,3295.0,2000.0,1295.0,64.75
Charcoal,Lobule (refugee settlement),KG,2023-12,1,1176.0,714.0,462.0,64.70588235294117
Fish (dry),Bidibidi (refugee settlement),KG,2025-09,1,25354.0,15402.0,9952.0,64.61498506687443
Charcoal,Palabek (refugee settlement),KG,2024-02,1,1000.0,608.0,392.0,64.47368421052632
Cassava flour,Kapchorwa,KG,2025-04,1,2000.0,1217.0,783.0,64.33853738701725
Leafy vegetables,Kiryandongo (refugee settlement),KG,2025-06,1,4111.0,2502.0,1609.0,64.30855315747402
Cassava flour,Masindi,KG,2025-04,1,2050.0,1250.0,800.0,64.0
Sorghum,Kasese,KG,2025-04,1,3625.0,2211.0,1414.0,63.95296246042514
Sanitary pads,Rhino Camp (refugee settlement),Packet,2025-08,1,3279.0,2000.0,1279.0,63.949999999999996
Cassava (fresh),Kyangwali (refugee settlement),KG,2025-11,1,1364.0,833.0,531.0,63.745498199279716
Cassava (fresh),Rhino Camp (refugee settlement),KG,2025-12,1,699.0,427.0,272.0,63.70023419203748
Jerrycan (5L),Kiryandongo (refugee settlement),Unit,2025-03,1,3000.0,1833.0,1167.0,63.666121112929616
Sorghum,Lobule (refugee settlement),KG,2022-10,1,3000.0,1833.0,1167.0,63.666121112929616
Leafy vegetables,Kyaka II (refugee settlement),KG,2022-07,1,1818.0,1111.0,707.0,63.63636363636363
Nails,Rhino Camp (refugee settlement),KG,2025-09,1,8000.0,4889.0,3111.0,63.63264471262017
Leafy vegetables,Palabek (refugee settlement),KG,2023-01,1,1946.0,1190.0,756.0,63.52941176470588
Beans,Lobule (refugee settlement),KG,2025-10,1,4021.0,2459.0,1562.0,63.52175681171208
Maize (white),Bidibidi (refugee settlement),KG,2025-09,1,1895.0,1159.0,736.0,63.503019844693696
Millet,Fort Portal,KG,2025-04,1,4975.0,3043.0,1932.0,63.489976996385145
Cassava (fresh),Palabek (refugee settlement),KG,2026-06,1,1044.0,640.0,404.0,63.125
Millet flour,Palabek (refugee settlement),KG,2025-04,1,4833.0,2963.0,1870.0,63.1117111036112
Pencil,Kyaka II (refugee settlement),Unit,2026-06,1,300.0,184.0,116.0,63.04347826086957
Pencil,Kyangwali (refugee settlement),Unit,2026-06,1,300.0,184.0,116.0,63.04347826086957
Fish (dry),Kiryandongo (refugee settlement),KG,2025-06,1,34444.0,21179.0,13265.0,62.632796638179336
Cassava flour,Lira,KG,2021-07,1,1300.0,800.0,500.0,62.5
Exercise Book (48 pages),Bidibidi (refugee settlement),Unit,2023-06,1,1625.0,1000.0,625.0,62.5
Firewood,Palorinya (refugee settlement),KG,2025-12,1,637.0,392.0,245.0,62.5
Laundry soap,Oruchinga (refugee settlement),KG,2022-11,1,6500.0,4000.0,2500.0,62.5
Laundry soap,Rwamwanja (refugee settlement),KG,2022-03,1,6500.0,4000.0,2500.0,62.5
Maize (white),Iganga,KG,2011-05,1,975.0,600.0,375.0,62.5
Maize (white),Mbarara,KG,2021-05,1,650.0,400.0,250.0,62.5
Millet flour,Palabek (refugee settlement),KG,2023-12,1,3250.0,2000.0,1250.0,62.5
Sanitary pads,Imvepi (refugee settlement),Packet,2024-01,1,3250.0,2000.0,1250.0,62.5
Cassava (fresh),Nakivale (refugee settlement),KG,2026-05,1,757.0,466.0,291.0,62.44635193133047
Firewood,Imvepi (refugee settlement),KG,2026-03,1,384.0,237.0,147.0,62.0253164556962
Jerrycan (5L),Kyaka II (refugee settlement),Unit,2022-03,1,2833.33,1750.0,1083.33,61.90457142857142
Maize (white),Lobule (refugee settlement),KG,2025-10,1,1508.0,932.0,576.0,61.80257510729614
Charcoal,Rwamwanja (refugee settlement),KG,2021-12,1,1250.0,772.73,477.27,61.76413495011194
Cassava flour,Gulu,KG,2012-12,1,2317.0,1433.0,884.0,61.688764829030006
Mug (plastic),Rhino Camp (refugee settlement),Unit,2022-03,1,808.33,500.0,308.33000000000004,61.66600000000001
Charcoal,Nakivale (refugee settlement),KG,2025-02,1,1010.0,625.0,385.0,61.6
Milk (fresh),Adjumani (refugee settlement),L,2025-05,1,2000.0,1238.0,762.0,61.55088852988692
Beans,Kiboga,KG,2014-04,1,2450.0,1517.0,933.0,61.502966381015156
Exercise Book (48 pages),Oruchinga (refugee settlement),Unit,2024-12,1,969.0,600.0,369.0,61.5
Laundry soap,Kyaka II (refugee settlement),KG,2022-03,1,6700.0,4150.0,2550.0,61.44578313253012
Cassava (fresh),Adjumani (refugee settlement),KG,2025-02,1,684.0,424.0,260.0,61.32075471698113
Firewood,Kyaka II (refugee settlement),KG,2023-09,1,317.8,197.0,120.80000000000001,61.31979695431473
Maize (white),Rwamwanja (refugee settlement),KG,2024-11,1,1500.0,930.0,570.0,61.29032258064516
Cassava (fresh),Lobule (refugee settlement),KG,2021-03,1,645.0,400.0,245.0,61.25000000000001
Firewood,Imvepi (refugee settlement),KG,2026-02,1,237.0,147.0,90.0,61.224489795918366
Leafy vegetables,Lobule (refugee settlement),KG,2026-05,1,2148.0,1333.0,815.0,61.14028507126782
Firewood,Kiryandongo (refugee settlement),KG,2025-04,1,483.0,300.0,183.0,61.0
Cassava flour,Napak,KG,2025-07,1,1563.0,971.0,592.0,60.96807415036045
Serving spoon,Kiryandongo (refugee settlement),Unit,2021-12,1,1609.38,1000.0,609.3800000000001,60.93800000000002
Beans,Kyangwali (refugee settlement),KG,2022-03,1,2333.0,1450.0,883.0,60.89655172413793
Maize (white),Oruchinga (refugee settlement),KG,2022-03,1,1500.0,933.0,567.0,60.77170418006431
Jerrycan (5L),Palabek (refugee settlement),Unit,2023-12,1,3675.0,2286.0,1389.0,60.76115485564304
Beans,Palorinya (refugee settlement),KG,2021-03,1,3625.0,2255.0,1370.0,60.75388026607539
Leafy vegetables,Palorinya (refugee settlement),KG,2023-07,1,3750.0,2333.0,1417.0,60.73724817831119
Charcoal,Kiryandongo (refugee settlement),KG,2021-09,1,666.67,414.81,251.85999999999996,60.71695475036763
Millet,Makaratin,KG,2023-06,1,3375.0,2100.0,1275.0,60.71428571428571
Sorghum,Rwamwanja (refugee settlement),KG,2022-02,1,2300.0,1433.0,867.0,60.50244242847174
Torch,Oruchinga (refugee settlement),Unit,2025-12,1,802.0,500.0,302.0,60.4
Firewood,Kiryandongo (refugee settlement),KG,2023-11,1,417.0,260.0,157.0,60.38461538461538
Cassava (fresh),Palorinya (refugee settlement),KG,2023-12,1,359.0,224.0,135.0,60.26785714285714
Cassava (fresh),Palabek (refugee settlement),KG,2023-05,1,782.0,488.0,294.0,60.245901639344254
Charcoal,Rwamwanja (refugee settlement),KG,2025-09,1,1333.0,833.0,500.0,60.024009603841534
Leafy vegetables,Nakivale (refugee settlement),KG,2022-09,1,3333.0,2083.0,1250.0,60.0096015362458
Basin,Adjumani (refugee settlement),Unit,2023-12,1,8000.0,5000.0,3000.0,60.0
Beans,Gulu,KG,2018-06,1,4000.0,2500.0,1500.0,60.0
Beans,Kapchorwa,KG,2022-09,1,4000.0,2500.0,1500.0,60.0
Cassava (fresh),Nakivale (refugee settlement),KG,2022-06,1,800.0,500.0,300.0,60.0
Cassava flour,Mbarara,KG,2021-06,1,1600.0,1000.0,600.0,60.0
Exercise Book (48 pages),Lobule (refugee settlement),Unit,2023-03,1,800.0,500.0,300.0,60.0
Jerrycan (20L),Imvepi (refugee settlement),Unit,2023-09,1,12000.0,7500.0,4500.0,60.0
Laundry soap,Nakivale (refugee settlement),KG,2022-03,1,4000.0,2500.0,1500.0,60.0
Leafy vegetables,Kyaka II (refugee settlement),KG,2023-01,1,1600.0,1000.0,600.0,60.0
Maize (white),Karita,KG,2019-01,1,800.0,500.0,300.0,60.0
Maize (white),Oruchinga (refugee settlement),KG,2024-11,1,1600.0,1000.0,600.0,60.0
Milk (fresh),Kyangwali (refugee settlement),L,2025-07,1,3200.0,2000.0,1200.0,60.0
Millet,Gulu,KG,2019-09,1,4000.0,2500.0,1500.0,60.0
Pencil,Bidibidi (refugee settlement),Unit,2021-09,1,200.0,125.0,75.0,60.0
Pole,Adjumani (refugee settlement),Unit,2022-09,1,8000.0,5000.0,3000.0,60.0
Sorghum,Hoima,KG,2022-07,1,4000.0,2500.0,1500.0,60.0
Sorghum,Kotido,KG,2020-08,1,1200.0,750.0,450.0,60.0
Sorghum,Oruchinga (refugee settlement),KG,2022-12,1,2800.0,1750.0,1050.0,60.0
Underwear,Imvepi (refugee settlement),Unit,2021-09,1,4000.0,2500.0,1500.0,60.0
Fish (dry),Palorinya (refugee settlement),KG,2025-10,1,15990.0,10000.0,5990.0,59.9
Maize,Busia,KG,2011-09,1,836.32,523.39,312.93000000000006,59.78906742582015
Leafy vegetables,Adjumani (refugee settlement),KG,2022-06,1,2333.0,1462.0,871.0,59.575923392612864
Sorghum,Mbarara,KG,2022-02,1,2500.0,1567.0,933.0,59.540523292916404
Maize (white),Adjumani (refugee settlement),KG,2025-09,1,2257.0,1415.0,842.0,59.505300353356894
Fish (dry),Kyaka II (refugee settlement),KG,2022-04,1,20753.0,13028.0,7725.0,59.295363831747004
Maize,Owino,KG,2015-04,2,876.6949999999999,550.5450000000001,326.14999999999986,59.2412972599878
Fish (dry),Rhino Camp (refugee settlement),KG,2021-12,1,25000.0,15714.0,9286.0,59.09380170548555
Sorghum,Lira,KG,2025-09,1,1325.0,833.0,492.0,59.06362545018007
Maize (white),Nakivale (refugee settlement),KG,2021-06,1,767.0,483.0,284.0,58.7991718426501
Milk (fresh),Rhino Camp (refugee settlement),L,2025-04,1,2000.0,1260.0,740.0,58.730158730158735
Charcoal,Imvepi (refugee settlement),KG,2024-08,1,1569.0,989.0,580.0,58.64509605662285
Sorghum,Gulu,KG,2011-08,1,1150.0,725.0,425.0,58.620689655172406
Cassava flour,Masindi,KG,2023-11,1,3167.0,2000.0,1167.0,58.35
Underwear,Palorinya (refugee settlement),Unit,2023-02,1,3167.0,2000.0,1167.0,58.35
Maize flour,Palorinya (refugee settlement),KG,2025-05,1,3083.0,1947.0,1136.0,58.346173600410886
Leafy vegetables,Kyangwali (refugee settlement),KG,2025-01,1,1319.0,833.0,486.0,58.34333733493398
Plantains,Owino,KG,2009-03,2,577.115,364.5,212.615,58.33058984910837
Laundry soap,Nakivale (refugee settlement),KG,2023-03,1,6333.0,4000.0,2333.0,58.325
Jerrycan (5L),Kyangwali (refugee settlement),Unit,2024-06,1,3166.0,2000.0,1166.0,58.3
Cassava (fresh),Imvepi (refugee settlement),KG,2023-12,1,541.0,342.0,199.0,58.187134502923975
Beans,Kyaka II (refugee settlement),KG,2025-09,1,3936.0,2490.0,1446.0,58.07228915662651
Charcoal,Bidibidi (refugee settlement),KG,2025-02,1,1141.0,722.0,419.0,58.03324099722992
Maize (white),Kiboga,KG,2011-07,1,1300.0,823.0,477.0,57.95868772782503
Maize (white),Kapchorwa,KG,2019-05,1,1500.0,950.0,550.0,57.89473684210527
Maize (white),Palorinya (refugee settlement),KG,2026-03,1,1354.0,859.0,495.0,57.62514551804424
Maize (white),Fort Portal,KG,2025-05,1,2000.0,1269.0,731.0,57.60441292356187
Maize (white),Bidibidi (refugee settlement),KG,2026-04,1,2178.0,1382.0,796.0,57.59768451519537
Firewood,Lobule (refugee settlement),KG,2022-09,1,394.0,250.03,143.97,57.5810902691677
Firewood,Kyangwali (refugee settlement),KG,2025-04,1,364.0,231.0,133.0,57.57575757575758
Wooden mingle,Palorinya (refugee settlement),Unit,2026-03,1,1750.0,1111.0,639.0,57.515751575157516
Beans,Kyangwali (refugee settlement),KG,2025-05,1,4000.0,2540.0,1460.0,57.48031496062992
Leafy vegetables,Imvepi (refugee settlement),KG,2024-04,1,2000.0,1270.0,730.0,57.48031496062992
Leafy vegetables,Palabek (refugee settlement),KG,2026-05,1,2633.0,1672.0,961.0,57.47607655502392
Firewood,Palorinya (refugee settlement),KG,2025-03,1,833.0,529.0,304.0,57.46691871455577
Cassava (fresh),Imvepi (refugee settlement),KG,2024-12,1,1198.0,761.0,437.0,57.42444152431012
Jerrycan (5L),Nakivale (refugee settlement),Unit,2022-03,1,2833.33,1800.0,1033.33,57.407222222222224
Sorghum,Mbarara,KG,2020-04,1,2833.33,1800.0,1033.33,57.407222222222224
Leafy vegetables,Rhino Camp (refugee settlement),KG,2026-02,1,3546.0,2253.0,1293.0,57.39014647137151
Charcoal,Imvepi (refugee settlement),KG,2022-12,1,450.0,286.0,164.0,57.34265734265735
Fish (dry),Adjumani (refugee settlement),KG,2024-03,1,15993.0,10167.0,5826.0,57.30303924461493
Firewood,Imvepi (refugee settlement),KG,2023-06,1,371.0,236.0,135.0,57.20338983050848
Cassava (fresh),Kiryandongo (refugee settlement),KG,2025-09,1,874.0,556.0,318.0,57.194244604316545
Sorghum,Adjumani (refugee settlement),KG,2022-06,1,2500.0,1591.0,909.0,57.13387806411062
Firewood,Rhino Camp (refugee settlement),KG,2025-05,1,237.0,151.0,86.0,56.95364238410596
Cassava (fresh),Rwamwanja (refugee settlement),KG,2024-12,1,813.0,518.0,295.0,56.94980694980695
Milk (fresh),Rwamwanja (refugee settlement),L,2025-04,1,1667.0,1063.0,604.0,56.820319849482594
Maize (white),Rhino Camp (refugee settlement),KG,2024-11,1,1568.0,1000.0,568.0,56.8
Pole,Adjumani (refugee settlement),Unit,2025-03,1,9600.0,6123.0,3477.0,56.78588926996571
Sorghum,Masindi,KG,2022-09,1,2900.0,1850.0,1050.0,56.75675675675676
Firewood,Palabek (refugee settlement),KG,2024-11,1,500.0,319.0,181.0,56.739811912225704
Firewood,Palabek (refugee settlement),KG,2025-06,1,307.0,196.0,111.0,56.63265306122449
Maize (white),Oruchinga (refugee settlement),KG,2021-06,1,783.0,500.0,283.0,56.599999999999994
Laundry soap,Palorinya (refugee settlement),KG,2023-01,1,6000.0,3833.0,2167.0,56.535350900078264
Mug (plastic),Kyangwali (refugee settlement),Unit,2026-06,1,1500.0,959.0,541.0,56.41293013555787
Maize (white),Bidibidi (refugee settlement),KG,2025-05,1,2338.0,1495.0,843.0,56.38795986622074
Fish (dry),Palorinya (refugee settlement),KG,2025-11,1,25000.0,15990.0,9010.0,56.34771732332708
Mug (plastic),Rhino Camp (refugee settlement),Unit,2025-03,1,1138.0,728.0,410.0,56.31868131868132
Rope,Palabek (refugee settlement),Unit,2024-09,1,1563.0,1000.0,563.0,56.3
Leafy vegetables,Nakivale (refugee settlement),KG,2024-06,1,2083.0,1333.0,750.0,56.264066016504124
Beans,Hoima,KG,2024-03,1,5000.0,3200.0,1800.0,56.25
Cassava flour,Jinja,KG,2022-07,1,3000.0,1920.0,1080.0,56.25
Millet,Karita,KG,2024-06,1,2500.0,1600.0,900.0,56.25
Millet,Kotido,KG,2022-07,1,2500.0,1600.0,900.0,56.25
Sorghum,Napak,KG,2025-09,1,1250.0,800.0,450.0,56.25
Sorghum,Owino,KG,2022-03,1,2500.0,1600.0,900.0,56.25
Leafy vegetables,Palorinya (refugee settlement),KG,2021-08,1,559.0,358.0,201.0,56.14525139664804
Maize (white),Arua,KG,2026-01,1,2186.0,1400.0,786.0,56.14285714285714
Rope,Bidibidi (refugee settlement),Unit,2025-03,1,1513.0,969.0,544.0,56.14035087719298
Jerrycan (20L),Adjumani (refugee settlement),Unit,2022-03,1,8583.0,5500.0,3083.0,56.054545454545455
Fish (dry),Rwamwanja (refugee settlement),KG,2022-06,1,30000.0,19231.0,10769.0,55.99812802246373
Fish (dry),Adjumani (refugee settlement),KG,2023-05,1,19278.0,12368.0,6910.0,55.869987063389395
Charcoal,Palabek (refugee settlement),KG,2024-11,1,1000.0,642.0,358.0,55.7632398753894
Maize (white),Rhino Camp (refugee settlement),KG,2025-01,1,2000.0,1284.0,716.0,55.7632398753894
Fish (dry),Adjumani (refugee settlement),KG,2024-11,1,33194.0,21316.0,11878.0,55.723400262713454
Laundry soap,Imvepi (refugee settlement),KG,2022-03,1,7000.0,4500.0,2500.0,55.55555555555556
Maize flour,Soroti,KG,2022-08,1,2800.0,1800.0,1000.0,55.55555555555556
Millet,Mbarara,KG,2020-01,1,2800.0,1800.0,1000.0,55.55555555555556
Plate (plastic),Kyangwali (refugee settlement),Unit,2024-06,1,700.0,450.0,250.0,55.55555555555556
Rope,Palorinya (refugee settlement),Unit,2025-06,1,2333.0,1500.0,833.0,55.53333333333333
Wooden mingle,Kyangwali (refugee settlement),Unit,2023-12,1,2333.0,1500.0,833.0,55.53333333333333
Maize flour,Kyangwali (refugee settlement),KG,2021-10,1,2622.0,1687.0,935.0,55.42382928275045
Leafy vegetables,Imvepi (refugee settlement),KG,2024-11,1,3333.0,2145.0,1188.0,55.38461538461539
Underwear,Imvepi (refugee settlement),Unit,2026-06,1,2175.0,1400.0,775.0,55.35714285714286
Fish (dry),Oruchinga (refugee settlement),KG,2025-09,1,21630.0,13927.0,7703.0,55.30982982695484
Millet,Kotido,KG,2024-01,1,3600.0,2320.0,1280.0,55.172413793103445
Fish (dry),Kyaka II (refugee settlement),KG,2025-04,1,35556.0,22917.0,12639.0,55.15119780075926
Exercise Book (48 pages),Bidibidi (refugee settlement),Unit,2025-06,1,775.0,500.0,275.0,55.00000000000001
Pen,Palabek (refugee settlement),Unit,2023-09,1,775.0,500.0,275.0,55.00000000000001
Fish (dry),Imvepi (refugee settlement),KG,2024-03,1,25833.0,16667.0,9166.0,54.994900101997956
Maize,Owino,KG,2011-03,2,832.5,537.4,295.1,54.912541868254564
Fish (dry),Rhino Camp (refugee settlement),KG,2025-04,1,40000.0,25833.0,14167.0,54.84070762203383
Sorghum,Lira,KG,2024-11,1,1200.0,775.0,425.0,54.83870967741935
Firewood,Palabek (refugee settlement),KG,2025-02,1,387.0,250.0,137.0,54.800000000000004
Cassava (fresh),Kiryandongo (refugee settlement),KG,2026-05,1,955.0,617.0,338.0,54.78119935170178
Fish (dry),Nakivale (refugee settlement),KG,2022-10,1,32500.0,21000.0,11500.0,54.761904761904766
Jerrycan (20L),Lobule (refugee settlement),Unit,2026-06,1,9800.0,6333.0,3467.0,54.74498657824096
Charcoal,Adjumani (refugee settlement),KG,2024-01,1,755.0,488.0,267.0,54.713114754098356
Jerrycan (5L),Nakivale (refugee settlement),Unit,2026-03,1,3695.0,2389.0,1306.0,54.66722478024278
Beans,Palabek (refugee settlement),KG,2025-02,1,3688.0,2387.0,1301.0,54.50356095517386
Rope,Kyaka II (refugee settlement),Unit,2025-03,1,1544.0,1000.0,544.0,54.400000000000006
Underwear,Kiryandongo (refugee settlement),Unit,2026-02,1,3742.0,2424.0,1318.0,54.37293729372937
Charcoal,Bidibidi (refugee settlement),KG,2026-01,1,1248.0,809.0,439.0,54.26452410383189
Maize flour,Kyangwali (refugee settlement),KG,2025-09,1,3085.0,2000.0,1085.0,54.25
Fish (dry),Rwamwanja (refugee settlement),KG,2026-04,1,36667.0,23772.0,12895.0,54.24448931516069
Jerrycan (5L),Lobule (refugee settlement),Unit,2025-03,1,5500.0,3567.0,1933.0,54.19119708438463
Sorghum,Masindi,KG,2022-05,1,1850.0,1200.0,650.0,54.166666666666664
Firewood,Rhino Camp (refugee settlement),KG,2024-08,1,211.0,137.0,74.0,54.01459854014598
Laundry soap,Bidibidi (refugee settlement),KG,2026-03,1,4200.0,2728.0,1472.0,53.95894428152492
Charcoal,Kiryandongo (refugee settlement),KG,2026-01,1,1190.0,773.0,417.0,53.94566623544631
Fish (dry),Palorinya (refugee settlement),KG,2026-04,1,30000.0,19495.0,10505.0,53.88561169530649
Laundry soap,Palorinya (refugee settlement),KG,2022-03,1,4000.0,2600.0,1400.0,53.84615384615385
Maize (white),Mbarara,KG,2021-06,1,1000.0,650.0,350.0,53.84615384615385
Maize (white),Moroto,KG,2022-08,1,2000.0,1300.0,700.0,53.84615384615385
Maize (white),Oruchinga (refugee settlement),KG,2023-02,1,2000.0,1300.0,700.0,53.84615384615385
Milk (fresh),Oruchinga (refugee settlement),L,2022-11,1,2000.0,1300.0,700.0,53.84615384615385
Mug (plastic),Imvepi (refugee settlement),Unit,2024-03,1,1000.0,650.0,350.0,53.84615384615385
Pole,Lobule (refugee settlement),Unit,2021-09,1,5000.0,3250.0,1750.0,53.84615384615385
Sanitary pads,Imvepi (refugee settlement),Packet,2023-01,1,4000.0,2600.0,1400.0,53.84615384615385
Underwear,Kyangwali (refugee settlement),Unit,2022-03,1,3333.33,2166.67,1166.6599999999999,53.84576331421028
Underwear,Palorinya (refugee settlement),Unit,2024-05,1,3333.0,2167.0,1166.0,53.80710659898477
Mug (plastic),Rhino Camp (refugee settlement),Unit,2025-12,1,898.0,584.0,314.0,53.76712328767124
Firewood,Palorinya (refugee settlement),KG,2023-12,1,298.0,194.0,104.0,53.608247422680414
Beans,Soroti,KG,2022-09,1,4300.0,2800.0,1500.0,53.57142857142857
Fish (dry),Palabek (refugee settlement),KG,2021-11,1,15357.0,10000.0,5357.0,53.56999999999999
Millet,Busia,KG,2025-05,1,4325.0,2818.0,1507.0,53.47764371894961
Fish (dry),Imvepi (refugee settlement),KG,2025-01,1,33333.0,21722.0,11611.0,53.45272074394622
Millet,Mbale,KG,2021-04,1,2300.0,1500.0,800.0,53.333333333333336
Maize flour,Gulu,KG,2011-01,1,1533.33,1000.0,533.3299999999999,53.333
Cassava (fresh),Oruchinga (refugee settlement),KG,2022-12,1,1333.0,870.0,463.0,53.2183908045977
Leafy vegetables,Kiryandongo (refugee settlement),KG,2025-11,1,4000.0,2611.0,1389.0,53.198008425890464
Charcoal,Palorinya (refugee settlement),KG,2025-01,1,1000.0,655.0,345.0,52.67175572519084
Cassava (fresh),Kyaka II (refugee settlement),KG,2026-03,1,499.0,327.0,172.0,52.59938837920489
Millet,Gulu,KG,2023-05,1,3940.0,2583.0,1357.0,52.53581107239644
Rope,Oruchinga (refugee settlement),Unit,2026-06,1,2500.0,1639.0,861.0,52.532031726662595
Underwear,Rwamwanja (refugee settlement),Unit,2025-12,1,5000.0,3278.0,1722.0,52.532031726662595
Millet,Karenga,KG,2024-01,1,3813.0,2500.0,1313.0,52.52
Underwear,Kyangwali (refugee settlement),Unit,2024-10,1,4333.0,2843.0,1490.0,52.40942666197679
Beans,Rhino Camp (refugee settlement),KG,2022-09,1,3556.0,2333.33,1222.67,52.40021771459674
Leafy vegetables,Kyangwali (refugee settlement),KG,2021-10,1,1905.0,1250.0,655.0,52.400000000000006
Milk (fresh),Oruchinga (refugee settlement),L,2023-03,1,1600.0,1050.0,550.0,52.38095238095239
Rope,Adjumani (refugee settlement),Unit,2023-09,1,1625.0,1067.0,558.0,52.29615745079662
Maize (white),Kyaka II (refugee settlement),KG,2025-09,1,1777.0,1168.0,609.0,52.140410958904106
Sorghum,Makaratin,KG,2023-01,1,1520.0,1000.0,520.0,52.0
Maize (white),Kiryandongo (refugee settlement),KG,2021-01,1,810.0,533.0,277.0,51.969981238273924
Leafy vegetables,Imvepi (refugee settlement),KG,2025-07,1,2085.0,1372.0,713.0,51.967930029154516
Firewood,Lobule (refugee settlement),KG,2022-03,1,243.06,160.0,83.06,51.91250000000001
Maize flour,Gulu,KG,2024-01,1,3050.0,2010.0,1040.0,51.741293532338304
Maize flour,Makaratin,KG,2022-08,1,2933.0,1933.0,1000.0,51.73305742369374
Beans,Nakivale (refugee settlement),KG,2022-04,1,2275.0,1500.0,775.0,51.66666666666667
Firewood,Nakivale (refugee settlement),KG,2022-12,1,561.0,370.0,191.0,51.621621621621614
Cassava (fresh),Bidibidi (refugee settlement),KG,2023-07,1,814.0,537.0,277.0,51.5828677839851
Fish (dry),Nakivale (refugee settlement),KG,2022-06,1,16667.0,11000.0,5667.0,51.518181818181816
Laundry soap,Kiryandongo (refugee settlement),KG,2022-03,1,4166.67,2750.0,1416.67,51.51527272727273
Pencil,Nakivale (refugee settlement),Unit,2025-09,1,303.0,200.0,103.0,51.5
Leafy vegetables,Oruchinga (refugee settlement),KG,2026-01,1,2189.0,1445.0,744.0,51.4878892733564
Firewood,Adjumani (refugee settlement),KG,2024-04,1,271.0,179.0,92.0,51.39664804469274
Sorghum,Kaabong,KG,2023-03,1,1816.7,1200.0,616.7,51.391666666666666
Maize (white),Masaka,KG,2024-05,1,983.0,650.0,333.0,51.23076923076923
Leafy vegetables,Rwamwanja (refugee settlement),KG,2026-01,1,3425.0,2265.0,1160.0,51.21412803532009
Laundry soap,Lobule (refugee settlement),KG,2025-02,1,4333.0,2867.0,1466.0,51.133589117544474
Panga,Kiryandongo (refugee settlement),Unit,2025-06,1,11333.0,7500.0,3833.0,51.10666666666667
Fish (dry),Kyangwali (refugee settlement),KG,2025-05,1,26981.0,17857.0,9124.0,51.094808758470066
Maize (white),Kaabong,KG,2022-04,1,1753.0,1161.0,592.0,50.99052540913006
Charcoal,Kyangwali (refugee settlement),KG,2024-03,1,1026.0,680.0,346.0,50.882352941176464
Exercise Book (48 pages),Palabek (refugee settlement),Unit,2024-12,1,1000.0,663.0,337.0,50.829562594268474
Sorghum,Palorinya (refugee settlement),KG,2025-05,1,2383.0,1580.0,803.0,50.822784810126585
Firewood,Imvepi (refugee settlement),KG,2025-05,1,184.0,122.0,62.0,50.81967213114754
Sorghum,Palabek (refugee settlement),KG,2024-03,1,950.0,630.0,320.0,50.79365079365079
Maize (white),Kiryandongo (refugee settlement),KG,2021-06,1,1143.0,758.0,385.0,50.79155672823219
Cassava (fresh),Kyangwali (refugee settlement),KG,2024-04,1,763.0,506.0,257.0,50.790513833992094
Beans,Lira,KG,2019-01,2,1996.135,1324.3,671.835,50.731329759118026
Oil (vegetable),Imvepi (refugee settlement),L,2024-07,1,10000.0,6639.0,3361.0,50.625094140683835
Maize (white),Owino,KG,2013-11,1,1167.0,775.0,392.0,50.58064516129033
Exercise Book (48 pages),Kiryandongo (refugee settlement),Unit,2024-12,1,813.0,540.0,273.0,50.55555555555556
Cassava flour,Tororo,KG,2022-04,1,1650.0,1097.0,553.0,50.4102096627165
Leafy vegetables,Adjumani (refugee settlement),KG,2023-08,1,1473.0,980.0,493.0,50.30612244897959
Beans,Nakivale (refugee settlement),KG,2026-03,1,1714.0,1141.0,573.0,50.21910604732691
Sanitary pads,Kyangwali (refugee settlement),Packet,2023-10,1,3504.0,2333.0,1171.0,50.19288469781398
Leafy vegetables,Oruchinga (refugee settlement),KG,2022-02,1,500.0,333.0,167.0,50.150150150150154
Leafy vegetables,Imvepi (refugee settlement),KG,2026-06,1,3533.0,2353.0,1180.0,50.14874628134297
Charcoal,Imvepi (refugee settlement),KG,2022-06,1,667.0,444.4,222.60000000000002,50.090009000900096
Charcoal,Kiryandongo (refugee settlement),KG,2024-02,1,1667.0,1111.0,556.0,50.04500450045004
Charcoal,Kiryandongo (refugee settlement),KG,2024-08,1,1667.0,1111.0,556.0,50.04500450045004
Leafy vegetables,Kyaka II (refugee settlement),KG,2022-11,1,1667.0,1111.0,556.0,50.04500450045004
Batteries,Nakivale (refugee settlement),Pair,2023-06,1,2000.0,1333.0,667.0,50.037509377344335
Salt,Oruchinga (refugee settlement),KG,2023-01,1,2000.0,1333.0,667.0,50.037509377344335
Millet,Mbarara,KG,2016-02,1,2900.0,1933.0,967.0,50.02586652871185
Leafy vegetables,Kyangwali (refugee settlement),KG,2025-11,1,5000.0,3333.0,1667.0,50.015001500150014
Fish (dry),Kiryandongo (refugee settlement),KG,2024-01,1,35000.0,23333.0,11667.0,50.00214288775554
Fish (dry),Kiryandongo (refugee settlement),KG,2024-06,1,35000.0,23333.0,11667.0,50.00214288775554
Serving spoon,Palorinya (refugee settlement),Unit,2021-09,1,2000.0,1333.33,666.6700000000001,50.00037500093752
Batteries,Imvepi (refugee settlement),Pair,2022-06,1,3000.0,2000.0,1000.0,50.0
Batteries,Palabek (refugee settlement),Pair,2023-09,1,1500.0,1000.0,500.0,50.0
Batteries,Palorinya (refugee settlement),Pair,2021-12,1,1500.0,1000.0,500.0,50.0
Beans,Karita,KG,2018-11,1,3000.0,2000.0,1000.0,50.0
Beans,Namalu,KG,2022-08,1,3000.0,2000.0,1000.0,50.0
Cassava flour,Arua,KG,2024-11,1,1500.0,1000.0,500.0,50.0
Cassava flour,Gulu,KG,2019-05,1,2250.0,1500.0,750.0,50.0
Cassava flour,Kaabong,KG,2020-04,1,3000.0,2000.0,1000.0,50.0
Cassava flour,Kapchorwa,KG,2013-08,1,1500.0,1000.0,500.0,50.0
Cassava flour,Kotido,KG,2019-06,1,1725.0,1150.0,575.0,50.0
Cassava flour,Masindi,KG,2021-07,1,3000.0,2000.0,1000.0,50.0
Cassava flour,Masindi,KG,2022-03,1,3000.0,2000.0,1000.0,50.0
Cassava flour,Moroto,KG,2024-06,1,1500.0,1000.0,500.0,50.0
Cassava flour,Owino,KG,2010-12,1,900.0,600.0,300.0,50.0
Fish (dry),Kyaka II (refugee settlement),KG,2022-10,1,37500.0,25000.0,12500.0,50.0
Fish (dry),Nakivale (refugee settlement),KG,2021-10,1,15000.0,10000.0,5000.0,50.0
Fish (dry),Rwamwanja (refugee settlement),KG,2024-05,1,37500.0,25000.0,12500.0,50.0
Hoe,Lobule (refugee settlement),Unit,2021-12,1,12000.0,8000.0,4000.0,50.0
Hoe,Palorinya (refugee settlement),Unit,2025-09,1,15000.0,10000.0,5000.0,50.0
Jerrycan (20L),Kiryandongo (refugee settlement),Unit,2023-09,1,12000.0,8000.0,4000.0,50.0
Jerrycan (5L),Kiryandongo (refugee settlement),Unit,2023-03,1,3000.0,2000.0,1000.0,50.0
Jerrycan (5L),Lobule (refugee settlement),Unit,2022-09,1,3000.0,2000.0,1000.0,50.0
Jerrycan (5L),Lobule (refugee settlement),Unit,2023-03,1,4500.0,3000.0,1500.0,50.0
Jerrycan (5L),Nakivale (refugee settlement),Unit,2022-12,1,2250.0,1500.0,750.0,50.0
Jerrycan (5L),Palabek (refugee settlement),Unit,2025-09,1,3000.0,2000.0,1000.0,50.0
Jerrycan (5L),Rhino Camp (refugee settlement),Unit,2023-03,1,3000.0,2000.0,1000.0,50.0
Laundry soap,Kyangwali (refugee settlement),KG,2021-12,1,4125.0,2750.0,1375.0,50.0
Laundry soap,Nakivale (refugee settlement),KG,2025-10,1,4500.0,3000.0,1500.0,50.0
Laundry soap,Rwamwanja (refugee settlement),KG,2026-05,1,7500.0,5000.0,2500.0,50.0
Leafy vegetables,Kiryandongo (refugee settlement),KG,2021-12,1,3333.0,2222.0,1111.0,50.0
Leafy vegetables,Kyaka II (refugee settlement),KG,2025-10,1,1515.0,1010.0,505.0,50.0
Leafy vegetables,Palorinya (refugee settlement),KG,2023-09,1,3333.0,2222.0,1111.0,50.0
Maize (white),Arua,KG,2025-02,1,1500.0,1000.0,500.0,50.0
Maize (white),Gulu,KG,2015-04,1,1500.0,1000.0,500.0,50.0
Maize (white),Gulu,KG,2015-11,1,1500.0,1000.0,500.0,50.0
Maize (white),Gulu,KG,2017-04,1,1800.0,1200.0,600.0,50.0
Maize (white),Iganga,KG,2019-05,1,1500.0,1000.0,500.0,50.0
Maize (white),Kaabong,KG,2020-05,1,1500.0,1000.0,500.0,50.0
Maize (white),Kotido,KG,2019-04,1,1275.0,850.0,425.0,50.0
Maize (white),Masindi,KG,2022-05,1,1500.0,1000.0,500.0,50.0
Maize (white),Nakivale (refugee settlement),KG,2024-11,1,1500.0,1000.0,500.0,50.0
Maize flour,Gulu,KG,2018-02,1,3000.0,2000.0,1000.0,50.0
Maize flour,Masindi,KG,2022-05,1,3000.0,2000.0,1000.0,50.0
Maize flour,Nabilatuk,KG,2024-05,1,3000.0,2000.0,1000.0,50.0
Milk (fresh),Lobule (refugee settlement),L,2023-01,1,1500.0,1000.0,500.0,50.0
Milk (fresh),Rhino Camp (refugee settlement),L,2025-07,1,3000.0,2000.0,1000.0,50.0
Millet,Busia,KG,2024-01,1,3000.0,2000.0,1000.0,50.0
Millet,Gulu,KG,2023-03,1,3000.0,2000.0,1000.0,50.0
Millet,Kapchorwa,KG,2023-06,1,4500.0,3000.0,1500.0,50.0
Millet,Masindi,KG,2021-07,1,3000.0,2000.0,1000.0,50.0
Millet,Masindi,KG,2022-05,1,3000.0,2000.0,1000.0,50.0
Millet flour,Imvepi (refugee settlement),KG,2024-12,1,3000.0,2000.0,1000.0,50.0
Millet flour,Palabek (refugee settlement),KG,2022-03,1,3000.0,2000.0,1000.0,50.0
Oil (vegetable),Namalu,L,2022-08,1,12000.0,8000.0,4000.0,50.0
Oil (vegetable),Palabek (refugee settlement),L,2023-07,1,9000.0,6000.0,3000.0,50.0
Pencil,Adjumani (refugee settlement),Unit,2024-06,1,300.0,200.0,100.0,50.0
Pencil,Imvepi (refugee settlement),Unit,2023-03,1,300.0,200.0,100.0,50.0
Pencil,Lobule (refugee settlement),Unit,2022-09,1,300.0,200.0,100.0,50.0
Pencil,Lobule (refugee settlement),Unit,2023-03,1,300.0,200.0,100.0,50.0
Pencil,Oruchinga (refugee settlement),Unit,2022-09,1,300.0,200.0,100.0,50.0
Pencil,Oruchinga (refugee settlement),Unit,2026-06,1,300.0,200.0,100.0,50.0
Pencil,Palabek (refugee settlement),Unit,2022-12,1,450.0,300.0,150.0,50.0
Plate (plastic),Imvepi (refugee settlement),Unit,2022-09,1,1500.0,1000.0,500.0,50.0
Plate (plastic),Lobule (refugee settlement),Unit,2022-09,1,1500.0,1000.0,500.0,50.0
Plate (plastic),Palorinya (refugee settlement),Unit,2023-03,1,1500.0,1000.0,500.0,50.0
Plate (plastic),Rwamwanja (refugee settlement),Unit,2026-03,1,1500.0,1000.0,500.0,50.0
Pole,Lobule (refugee settlement),Unit,2023-09,1,9000.0,6000.0,3000.0,50.0
Rope,Kiryandongo (refugee settlement),Unit,2023-09,1,1500.0,1000.0,500.0,50.0
Rope,Kiryandongo (refugee settlement),Unit,2025-03,1,1500.0,1000.0,500.0,50.0
Rope,Kyangwali (refugee settlement),Unit,2022-12,1,1500.0,1000.0,500.0,50.0
Rope,Kyangwali (refugee settlement),Unit,2025-09,1,1500.0,1000.0,500.0,50.0
Rope,Oruchinga (refugee settlement),Unit,2022-09,1,1500.0,1000.0,500.0,50.0
Sanitary pads,Adjumani (refugee settlement),Packet,2021-09,1,3000.0,2000.0,1000.0,50.0
Serving spoon,Adjumani (refugee settlement),Unit,2023-06,1,1500.0,1000.0,500.0,50.0
Sorghum,Arua,KG,2022-05,1,1500.0,1000.0,500.0,50.0
Sorghum,Arua,KG,2025-09,1,3000.0,2000.0,1000.0,50.0
Sorghum,Gulu,KG,2015-11,1,1500.0,1000.0,500.0,50.0
Sorghum,Hoima,KG,2022-04,1,1800.0,1200.0,600.0,50.0
Sorghum,Iganga,KG,2015-05,1,1500.0,1000.0,500.0,50.0
Sorghum,Kapchorwa,KG,2017-05,1,1800.0,1200.0,600.0,50.0
Sorghum,Owino,KG,2015-04,1,1500.0,1000.0,500.0,50.0
Torch,Bidibidi (refugee settlement),Unit,2023-03,1,1500.0,1000.0,500.0,50.0
Torch,Kyangwali (refugee settlement),Unit,2023-09,1,1500.0,1000.0,500.0,50.0
Torch,Nakivale (refugee settlement),Unit,2025-06,1,750.0,500.0,250.0,50.0
Underwear,Adjumani (refugee settlement),Unit,2022-08,1,3000.0,2000.0,1000.0,50.0
Underwear,Adjumani (refugee settlement),Unit,2022-12,1,3000.0,2000.0,1000.0,50.0
Underwear,Imvepi (refugee settlement),Unit,2023-11,1,2250.0,1500.0,750.0,50.0
Underwear,Kyangwali (refugee settlement),Unit,2025-01,1,3000.0,2000.0,1000.0,50.0
Underwear,Palabek (refugee settlement),Unit,2025-06,1,3000.0,2000.0,1000.0,50.0
Wooden mingle,Adjumani (refugee settlement),Unit,2023-12,1,1500.0,1000.0,500.0,50.0
Wooden mingle,Bidibidi (refugee settlement),Unit,2023-09,1,1125.0,750.0,375.0,50.0
Wooden mingle,Imvepi (refugee settlement),Unit,2023-03,1,1500.0,1000.0,500.0,50.0
Wooden mingle,Kyangwali (refugee settlement),Unit,2022-06,1,1500.0,1000.0,500.0,50.0
Wooden mingle,Kyangwali (refugee settlement),Unit,2025-03,1,1500.0,1000.0,500.0,50.0
Wooden mingle,Lobule (refugee settlement),Unit,2023-06,1,1500.0,1000.0,500.0,50.0
Wooden mingle,Nakivale (refugee settlement),Unit,2022-12,1,1500.0,1000.0,500.0,50.0
Wooden mingle,Oruchinga (refugee settlement),Unit,2022-06,1,1500.0,1000.0,500.0,50.0
Wooden mingle,Oruchinga (refugee settlement),Unit,2024-12,1,1500.0,1000.0,500.0,50.0
Fish (dry),Rhino Camp (refugee settlement),KG,2024-05,1,25000.0,16667.0,8333.0,49.9970000599988
Leafy vegetables,Nakivale (refugee settlement),KG,2022-07,1,2500.0,1667.0,833.0,49.97000599880024
Leafy vegetables,Oruchinga (refugee settlement),KG,2022-08,1,2500.0,1667.0,833.0,49.97000599880024
Underwear,Palorinya (refugee settlement),Unit,2023-12,1,2500.0,1667.0,833.0,49.97000599880024
Charcoal,Oruchinga (refugee settlement),KG,2025-01,1,1000.0,667.0,333.0,49.92503748125937
Mug (plastic),Oruchinga (refugee settlement),Unit,2025-03,1,1000.0,667.0,333.0,49.92503748125937
Mug (plastic),Rwamwanja (refugee settlement),Unit,2025-06,1,1000.0,667.0,333.0,49.92503748125937
Torch,Rwamwanja (refugee settlement),Unit,2025-06,1,1000.0,667.0,333.0,49.92503748125937
Charcoal,Lobule (refugee settlement),KG,2022-09,1,625.0,417.0,208.0,49.88009592326139
Cassava (fresh),Kiryandongo (refugee settlement),KG,2026-06,1,1431.0,955.0,476.0,49.84293193717277
Charcoal,Rwamwanja (refugee settlement),KG,2025-02,1,868.0,581.0,287.0,49.39759036144578
Maize (white),Iganga,KG,2013-01,1,1150.0,770.0,380.0,49.35064935064935
Beans,Adjumani (refugee settlement),KG,2022-04,1,3889.0,2604.0,1285.0,49.347158218125955
Millet,Makaratin,KG,2022-04,1,2500.0,1675.0,825.0,49.25373134328358
Millet,Mbale,KG,2023-06,1,5000.0,3350.0,1650.0,49.25373134328358
Sorghum,Rhino Camp (refugee settlement),KG,2024-08,1,2488.0,1667.0,821.0,49.250149970006
Charcoal,Kyaka II (refugee settlement),KG,2025-03,1,1471.0,986.0,485.0,49.18864097363083
Fish (dry),Rwamwanja (refugee settlement),KG,2022-04,1,19431.0,13028.0,6403.0,49.147988946883636
Maize flour,Mbarara,KG,2022-07,1,3875.0,2600.0,1275.0,49.03846153846153
Sorghum,Makaratin,KG,2025-07,1,2325.0,1560.0,765.0,49.03846153846153
Serving spoon,Kiryandongo (refugee settlement),Unit,2025-06,1,3167.0,2125.0,1042.0,49.03529411764706
Torch,Imvepi (refugee settlement),Unit,2024-06,1,1490.0,1000.0,490.0,49.0
Sorghum,Palorinya (refugee settlement),KG,2022-06,1,2333.0,1567.0,766.0,48.88321633694959
Mug (plastic),Kiryandongo (refugee settlement),Unit,2026-03,1,942.0,633.0,309.0,48.81516587677725
Millet flour,Oruchinga (refugee settlement),KG,2022-08,1,4166.67,2800.0,1366.67,48.80964285714286
Millet,Karenga,KG,2023-06,1,4000.0,2688.0,1312.0,48.80952380952381
Charcoal,Lobule (refugee settlement),KG,2026-05,1,812.0,546.0,266.0,48.717948717948715
Firewood,Imvepi (refugee settlement),KG,2025-10,1,348.0,234.0,114.0,48.717948717948715
Firewood,Palabek (refugee settlement),KG,2022-03,1,348.0,234.0,114.0,48.717948717948715
Millet,Kotido,KG,2023-12,1,2320.0,1560.0,760.0,48.717948717948715
Maize,Kabale,KG,2021-06,1,846.36,569.93,276.43000000000006,48.502447669012
Sorghum,Rhino Camp (refugee settlement),KG,2025-07,1,2618.0,1765.0,853.0,48.328611898017
Maize (white),Bidibidi (refugee settlement),KG,2022-06,1,1725.0,1163.0,562.0,48.32330180567498
Leafy vegetables,Kyaka II (refugee settlement),KG,2024-12,1,2000.0,1349.0,651.0,48.25796886582654
Plate (plastic),Rhino Camp (refugee settlement),Unit,2025-03,1,962.0,649.0,313.0,48.228043143297384
Firewood,Nakivale (refugee settlement),KG,2024-04,1,566.0,382.0,184.0,48.167539267015705
Batteries,Oruchinga (refugee settlement),Pair,2023-06,1,2000.0,1350.0,650.0,48.148148148148145
Salt,Kiryandongo (refugee settlement),KG,2023-02,1,2000.0,1350.0,650.0,48.148148148148145
Nails,Palabek (refugee settlement),KG,2025-03,1,9333.0,6300.0,3033.0,48.142857142857146
Milk (fresh),Palabek (refugee settlement),L,2022-03,1,1629.0,1100.0,529.0,48.090909090909086
Millet flour,Palabek (refugee settlement),KG,2023-07,1,2811.0,1900.0,911.0,47.94736842105263
Sorghum,Lobule (refugee settlement),KG,2025-05,1,1750.0,1183.0,567.0,47.928994082840234
Underwear,Imvepi (refugee settlement),Unit,2025-12,1,1750.0,1183.0,567.0,47.928994082840234
Mug (plastic),Kiryandongo (refugee settlement),Unit,2021-12,1,739.58,500.0,239.58000000000004,47.91600000000001
Cassava flour,Kasese,KG,2025-04,1,1050.0,710.0,340.0,47.88732394366197
Charcoal,Kyaka II (refugee settlement),KG,2025-02,1,986.0,667.0,319.0,47.82608695652174
Sorghum,Kaabong,KG,2025-07,1,2495.0,1688.0,807.0,47.808056872037916
Millet,Gulu,KG,2023-06,1,5822.0,3940.0,1882.0,47.766497461928935
Underwear,Lobule (refugee settlement),Unit,2025-09,1,4000.0,2707.0,1293.0,47.765053564831916
Jerrycan (20L),Imvepi (refugee settlement),Unit,2026-03,1,10833.0,7333.0,3500.0,47.729442247374884
Maize (white),Kyangwali (refugee settlement),KG,2022-07,1,1978.0,1339.0,639.0,47.722180731889466
Beans,Rwamwanja (refugee settlement),KG,2024-07,1,2400.0,1625.0,775.0,47.69230769230769
Fish (dry),Imvepi (refugee settlement),KG,2022-03,1,18987.0,12857.0,6130.0,47.67830753675041
Pole,Adjumani (refugee settlement),Unit,2026-06,1,9500.0,6433.0,3067.0,47.6760453909529
Charcoal,Imvepi (refugee settlement),KG,2024-06,1,989.0,670.0,319.0,47.61194029850746
Cassava (fresh),Kyaka II (refugee settlement),KG,2021-09,1,431.0,292.0,139.0,47.6027397260274
Rope,Kyangwali (refugee settlement),Unit,2026-06,1,2000.0,1355.0,645.0,47.601476014760145
Jerrycan (5L),Bidibidi (refugee settlement),Unit,2022-09,1,2214.0,1500.0,714.0,47.599999999999994
Cassava flour,Iganga,KG,2024-12,1,1475.0,1000.0,475.0,47.5
Oil (vegetable),Kotido,L,2020-04,1,7375.0,5000.0,2375.0,47.5
Beans,Kapchorwa,KG,2023-04,1,5000.0,3390.0,1610.0,47.49262536873156
Beans,Rhino Camp (refugee settlement),KG,2025-02,1,4738.0,3214.0,1524.0,47.41754822650902
Sorghum,Owino,KG,2022-02,1,1600.0,1086.0,514.0,47.32965009208103
Cassava (fresh),Adjumani (refugee settlement),KG,2023-01,1,748.0,508.0,240.0,47.24409448818898
Maize (white),Palorinya (refugee settlement),KG,2025-11,1,1140.0,775.0,365.0,47.096774193548384
Maize (white),Iganga,KG,2023-09,1,1275.0,867.0,408.0,47.05882352941176
Exercise Book (48 pages),Oruchinga (refugee settlement),Unit,2025-06,1,735.0,500.0,235.0,47.0
Beans,Owino,KG,2015-04,2,3419.55,2328.79,1090.7600000000002,46.83805753202307
Pole,Lobule (refugee settlement),Unit,2025-09,1,8000.0,5450.0,2550.0,46.788990825688074
Firewood,Kyaka II (refugee settlement),KG,2024-01,1,455.0,310.0,145.0,46.774193548387096
Underwear,Palabek (refugee settlement),Unit,2024-02,1,3500.0,2385.0,1115.0,46.75052410901468
Fish (dry),Rhino Camp (refugee settlement),KG,2023-09,1,28125.0,19167.0,8958.0,46.73657849428706
Maize (white),Kyangwali (refugee settlement),KG,2025-05,1,1614.0,1100.0,514.0,46.72727272727273
Cassava flour,Gulu,KG,2015-03,1,3667.0,2500.0,1167.0,46.68
Leafy vegetables,Imvepi (refugee settlement),KG,2023-07,1,1964.0,1339.0,625.0,46.676624346527255
Serving spoon,Imvepi (refugee settlement),Unit,2024-06,1,2200.0,1500.0,700.0,46.666666666666664
Fish (dry),Imvepi (refugee settlement),KG,2025-11,1,29167.0,19894.0,9273.0,46.61204383231125
Hoe,Kiryandongo (refugee settlement),Unit,2022-09,1,11600.0,7916.67,3683.33,46.5262540942088
Maize (white),Karita,KG,2022-08,1,2500.0,1707.0,793.0,46.45577035735208
Mug (plastic),Lobule (refugee settlement),Unit,2025-06,1,927.0,633.0,294.0,46.44549763033176
Salt,Rwamwanja (refugee settlement),KG,2025-09,1,2467.0,1685.0,782.0,46.409495548961424
Plantains,Owino,KG,2013-12,2,5611.17,3833.5,1777.67,46.37198382679014
Maize (white),Owino,KG,2020-04,1,1500.0,1025.0,475.0,46.34146341463415
Beans,Gulu,KG,2025-04,1,5625.0,3844.0,1781.0,46.331945889698225
Underwear,Lobule (refugee settlement),Unit,2025-01,1,3146.0,2150.0,996.0,46.325581395348834
Maize flour,Bidibidi (refugee settlement),KG,2022-08,1,3100.0,2120.0,980.0,46.22641509433962
Leafy vegetables,Palorinya (refugee settlement),KG,2021-10,1,2183.0,1493.0,690.0,46.21567314132619
Exercise Book (48 pages),Lobule (refugee settlement),Unit,2025-09,1,1000.0,684.0,316.0,46.198830409356724
Maize flour,Kotido,KG,2022-07,1,3800.0,2600.0,1200.0,46.15384615384615
Leafy vegetables,Rhino Camp (refugee settlement),KG,2023-12,1,1340.0,917.0,423.0,46.12868047982552
Pole,Rwamwanja (refugee settlement),Unit,2025-03,1,13333.0,9125.0,4208.0,46.11506849315069
Cassava flour,Lira,KG,2010-09,2,833.335,570.835,262.5,45.98526719630016
Beans,Kapchorwa,KG,2019-04,1,2700.0,1850.0,850.0,45.94594594594595
Underwear,Lobule (refugee settlement),Unit,2024-07,1,3000.0,2056.0,944.0,45.91439688715953
Fish (dry),Palabek (refugee settlement),KG,2023-03,1,21364.0,14642.0,6722.0,45.909028821199286
Jerrycan (20L),Kyangwali (refugee settlement),Unit,2025-03,1,10000.0,6857.0,3143.0,45.836371591074816
Fish (dry),Kiryandongo (refugee settlement),KG,2021-03,1,29167.0,20000.0,9167.0,45.835
Batteries,Bidibidi (refugee settlement),Pair,2026-06,1,1750.0,1200.0,550.0,45.83333333333333
Jerrycan (5L),Imvepi (refugee settlement),Unit,2026-06,1,4375.0,3000.0,1375.0,45.83333333333333
Sorghum,Lira,KG,2011-05,1,700.0,480.0,220.0,45.83333333333333
Maize (white),Adjumani (refugee settlement),KG,2024-11,1,1633.0,1120.0,513.0,45.80357142857142
Sorghum,Masindi,KG,2025-12,1,3333.0,2286.0,1047.0,45.800524934383205
Batteries,Lobule (refugee settlement),Pair,2025-12,1,1458.0,1000.0,458.0,45.800000000000004
Leafy vegetables,Imvepi (refugee settlement),KG,2021-10,1,2083.0,1429.0,654.0,45.76627011896431
Firewood,Lobule (refugee settlement),KG,2025-06,1,274.0,188.0,86.0,45.744680851063826
Charcoal,Palorinya (refugee settlement),KG,2025-06,1,1552.0,1065.0,487.0,45.72769953051643
Maize flour,Bidibidi (refugee settlement),KG,2023-03,1,3278.0,2250.0,1028.0,45.68888888888889
Charcoal,Nakivale (refugee settlement),KG,2022-10,1,1213.0,833.0,380.0,45.61824729891957
Plantains,Owino,KG,2016-10,2,1237.5,850.0,387.5,45.588235294117645
Maize flour,Kyangwali (refugee settlement),KG,2025-05,1,3057.0,2100.0,957.0,45.57142857142858
Mug (plastic),Lobule (refugee settlement),Unit,2026-03,1,1000.0,687.0,313.0,45.56040756914119
Fish (dry),Lobule (refugee settlement),KG,2025-10,1,25463.0,17500.0,7963.0,45.502857142857145
Firewood,Rhino Camp (refugee settlement),KG,2022-08,1,240.0,165.0,75.0,45.45454545454545
Leafy vegetables,Kyangwali (refugee settlement),KG,2022-03,1,1364.0,938.0,426.0,45.41577825159915
Millet flour,Kiryandongo (refugee settlement),KG,2021-06,1,5571.0,3833.0,1738.0,45.34307331072267
Millet flour,Bidibidi (refugee settlement),KG,2025-02,1,4203.0,2892.0,1311.0,45.33195020746888
Cassava flour,Masindi,KG,2024-03,1,3389.0,2333.0,1056.0,45.263609087012426
Maize flour,Kiboga,KG,2012-06,1,2300.0,1584.0,716.0,45.20202020202021
Jerrycan (5L),Rwamwanja (refugee settlement),Unit,2026-03,1,5000.0,3444.0,1556.0,45.18002322880372
Exercise Book (48 pages),Bidibidi (refugee settlement),Unit,2023-12,1,1125.0,775.0,350.0,45.16129032258064
Maize (white),Kyaka II (refugee settlement),KG,2026-04,1,1633.0,1125.0,508.0,45.15555555555555
Maize (white),Tororo,KG,2024-11,1,1363.0,939.0,424.0,45.15441959531417
Sorghum,Jinja,KG,2013-05,1,1052.0,725.0,327.0,45.10344827586207
Sorghum,Kotido,KG,2025-05,1,1625.0,1120.0,505.0,45.089285714285715
Charcoal,Adjumani (refugee settlement),KG,2025-02,1,812.0,560.0,252.0,45.0
Sorghum,Bidibidi (refugee settlement),KG,2024-07,1,1450.0,1000.0,450.0,45.0
Oil (vegetable),Karita,L,2022-04,1,11571.0,7982.0,3589.0,44.96366825357053
Cassava flour,Gulu,KG,2013-11,1,2967.0,2047.0,920.0,44.9438202247191
Firewood,Palorinya (refugee settlement),KG,2025-02,1,529.0,365.0,164.0,44.93150684931507
Firewood,Kyangwali (refugee settlement),KG,2023-03,1,400.0,276.0,124.0,44.927536231884055
Pole,Palabek (refugee settlement),Unit,2024-03,1,10000.0,6900.0,3100.0,44.927536231884055
Leafy vegetables,Palorinya (refugee settlement),KG,2024-10,1,2389.0,1649.0,740.0,44.87568223165555
Maize (white),Kaabong,KG,2021-06,1,1069.0,738.0,331.0,44.85094850948509
Jerrycan (5L),Lobule (refugee settlement),Unit,2025-12,1,4345.0,3000.0,1345.0,44.83333333333333
Beans,Nakivale (refugee settlement),KG,2026-04,1,2480.0,1714.0,766.0,44.690781796966164
Fish (dry),Lobule (refugee settlement),KG,2025-01,1,28346.0,19591.0,8755.0,44.68888775458119
Maize (white),Palorinya (refugee settlement),KG,2025-05,1,2633.0,1820.0,813.0,44.67032967032967
Millet,Kotido,KG,2021-10,1,2483.0,1717.0,766.0,44.61269656377402
Cassava flour,Owino,KG,2011-07,1,1000.0,691.665,308.33500000000004,44.57866163532925
Millet,Masindi,KG,2023-06,1,4000.0,2767.0,1233.0,44.56089627755692
Fish (dry),Kyaka II (refugee settlement),KG,2022-05,1,30000.0,20753.0,9247.0,44.55741338601648
Sorghum,Lira,KG,2015-11,1,867.0,600.0,267.0,44.5
Maize (white),Rwamwanja (refugee settlement),KG,2026-03,1,1429.0,989.0,440.0,44.48938321536906
Underwear,Palorinya (refugee settlement),Unit,2022-10,1,2167.0,1500.0,667.0,44.46666666666667
Beans,Kapchorwa,KG,2015-05,1,2600.0,1800.0,800.0,44.44444444444444
Maize flour,Kiboga,KG,2011-03,1,1300.0,900.0,400.0,44.44444444444444
Sorghum,Rhino Camp (refugee settlement),KG,2024-05,1,3250.0,2250.0,1000.0,44.44444444444444
Maize (white),Lobule (refugee settlement),KG,2026-03,1,1700.0,1177.0,523.0,44.43500424808836
Millet,Tororo,KG,2022-04,1,4333.0,3000.0,1333.0,44.43333333333334
Millet flour,Kiryandongo (refugee settlement),KG,2025-02,1,4333.0,3000.0,1333.0,44.43333333333334
Beans,Namalu,KG,2024-12,1,3700.0,2562.0,1138.0,44.4184231069477
Milk (fresh),Palabek (refugee settlement),L,2023-08,1,1444.0,1000.0,444.0,44.4
Leafy vegetables,Palorinya (refugee settlement),KG,2024-08,1,1880.0,1302.0,578.0,44.39324116743472
Leafy vegetables,Palabek (refugee settlement),KG,2023-02,1,2809.0,1946.0,863.0,44.347379239465575
Sorghum,Iganga,KG,2013-02,1,1250.0,866.0,384.0,44.34180138568129
Firewood,Palorinya (refugee settlement),KG,2026-05,1,241.0,167.0,74.0,44.31137724550898
Sorghum,Makaratin,KG,2019-04,1,1100.0,763.0,337.0,44.167758846657925
Charcoal,Imvepi (refugee settlement),KG,2025-08,1,955.0,662.5,292.5,44.15094339622642
Cassava (fresh),Adjumani (refugee settlement),KG,2025-06,1,699.0,485.0,214.0,44.123711340206185
Jerrycan (5L),Imvepi (refugee settlement),Unit,2026-03,1,3000.0,2083.0,917.0,44.02304368698992
Sanitary pads,Imvepi (refugee settlement),Packet,2025-12,1,3000.0,2083.0,917.0,44.02304368698992
Underwear,Imvepi (refugee settlement),Unit,2023-06,1,3000.0,2083.0,917.0,44.02304368698992
Fish (dry),Nakivale (refugee settlement),KG,2022-09,1,21000.0,14583.0,6417.0,44.003291503805805
Fish (dry),Rwamwanja (refugee settlement),KG,2023-12,1,30000.0,20833.0,9167.0,44.002304036864594
Cassava flour,Mbarara,KG,2016-03,1,1800.0,1250.0,550.0,44.0
Fish (dry),Kyaka II (refugee settlement),KG,2023-01,1,36000.0,25000.0,11000.0,44.0
Maize (white),Iganga,KG,2019-02,1,900.0,625.0,275.0,44.0
Maize (white),Lobule (refugee settlement),KG,2024-04,1,1800.0,1250.0,550.0,44.0
Milk (fresh),Kiryandongo (refugee settlement),L,2025-04,1,1800.0,1250.0,550.0,44.0
Laundry soap,Kyangwali (refugee settlement),KG,2024-04,1,6000.0,4167.0,1833.0,43.98848092152628
Maize (white),Nakivale (refugee settlement),KG,2023-02,1,1900.0,1320.0,580.0,43.93939393939394
Maize flour,Oruchinga (refugee settlement),KG,2025-09,1,2500.0,1737.0,763.0,43.92630972941854
Cassava (fresh),Kyaka II (refugee settlement),KG,2022-09,1,938.0,652.0,286.0,43.86503067484663
Maize flour,Soroti,KG,2020-01,1,2050.0,1425.0,625.0,43.859649122807014
Fish (dry),Rhino Camp (refugee settlement),KG,2026-06,1,21311.0,14815.0,6496.0,43.84745190685116
Beans,Arua,KG,2026-01,1,4459.0,3100.0,1359.0,43.83870967741936
Mug (plastic),Kyangwali (refugee settlement),Unit,2026-03,1,959.0,667.0,292.0,43.77811094452774
Maize flour,Kaabong,KG,2022-04,1,3259.0,2267.0,992.0,43.75827084252315
Cassava (fresh),Rwamwanja (refugee settlement),KG,2026-04,1,966.0,672.0,294.0,43.75
Maize (white),Owino,KG,2011-05,1,1150.0,800.0,350.0,43.75
Maize flour,Mbale,KG,2019-04,1,2300.0,1600.0,700.0,43.75
Fish (dry),Palorinya (refugee settlement),KG,2024-03,1,14773.0,10278.0,4495.0,43.73418953103717
Cassava (fresh),Kiryandongo (refugee settlement),KG,2022-08,1,1250.0,870.0,380.0,43.67816091954023
Cassava (fresh),Kiryandongo (refugee settlement),KG,2023-11,1,1250.0,870.0,380.0,43.67816091954023
Maize (white),Iganga,KG,2012-05,1,1178.0,820.0,358.0,43.65853658536585
Millet flour,Adjumani (refugee settlement),KG,2022-04,1,4000.0,2786.0,1214.0,43.575017946877246
Cassava flour,Lira,KG,2023-01,1,3300.0,2300.0,1000.0,43.47826086956522
Beans,Kyangwali (refugee settlement),KG,2021-09,1,1865.0,1300.0,565.0,43.46153846153846
Maize (white),Oruchinga (refugee settlement),KG,2021-09,1,1271.0,886.0,385.0,43.45372460496614
Millet,Mbarara,KG,2025-05,1,4500.0,3137.0,1363.0,43.449155243863565
Sorghum,Mbale,KG,2025-05,1,2250.0,1569.0,681.0,43.40344168260038
Serving spoon,Kyangwali (refugee settlement),Unit,2021-06,1,2866.67,2000.0,866.6700000000001,43.3335
Laundry soap,Nakivale (refugee settlement),KG,2024-12,1,4300.0,3000.0,1300.0,43.333333333333336
Sorghum,Lobule (refugee settlement),KG,2023-04,1,2150.0,1500.0,650.0,43.333333333333336
Sorghum,Kaabong,KG,2022-04,1,1664.0,1161.0,503.0,43.32472006890612
Maize flour,Palabek (refugee settlement),KG,2022-06,1,3583.0,2500.0,1083.0,43.32
Millet flour,Palorinya (refugee settlement),KG,2026-06,1,6000.0,4188.0,1812.0,43.26647564469914
Charcoal,Rwamwanja (refugee settlement),KG,2026-01,1,799.0,558.0,241.0,43.18996415770609
Millet,Busia,KG,2023-06,1,3400.0,2375.0,1025.0,43.15789473684211
Sorghum,Owino,KG,2024-05,1,3400.0,2375.0,1025.0,43.15789473684211
Serving spoon,Palabek (refugee settlement),Unit,2023-12,1,2045.0,1429.0,616.0,43.107067879636105
Leafy vegetables,Rhino Camp (refugee settlement),KG,2024-01,1,1917.0,1340.0,577.0,43.059701492537314
Jerrycan (20L),Kiryandongo (refugee settlement),Unit,2021-12,1,8583.0,6000.0,2583.0,43.05
Firewood,Bidibidi (refugee settlement),KG,2022-07,1,256.0,179.0,77.0,43.01675977653631
Beans,Owino,KG,2012-04,2,2434.295,1702.55,731.7450000000001,42.97935449766527
Charcoal,Oruchinga (refugee settlement),KG,2023-05,1,1429.0,1000.0,429.0,42.9
Maize flour,Kyangwali (refugee settlement),KG,2023-09,1,2858.0,2000.0,858.0,42.9
Serving spoon,Palabek (refugee settlement),Unit,2023-09,1,1429.0,1000.0,429.0,42.9
Sorghum,Imvepi (refugee settlement),KG,2022-06,1,2286.0,1600.0,686.0,42.875
Batteries,Imvepi (refugee settlement),Pair,2026-06,1,2500.0,1750.0,750.0,42.857142857142854
Beans,Arua,KG,2025-09,1,4000.0,2800.0,1200.0,42.857142857142854
Cassava flour,Arua,KG,2022-05,1,1500.0,1050.0,450.0,42.857142857142854
Cassava flour,Kotido,KG,2019-02,1,1000.0,700.0,300.0,42.857142857142854
Exercise Book (48 pages),Lobule (refugee settlement),Unit,2022-09,1,500.0,350.0,150.0,42.857142857142854
Exercise Book (48 pages),Lobule (refugee settlement),Unit,2023-12,1,1000.0,700.0,300.0,42.857142857142854
Firewood,Nakivale (refugee settlement),KG,2023-11,1,560.0,392.0,168.0,42.857142857142854
Jerrycan (20L),Oruchinga (refugee settlement),Unit,2025-03,1,10000.0,7000.0,3000.0,42.857142857142854
Laundry soap,Adjumani (refugee settlement),KG,2025-08,1,5000.0,3500.0,1500.0,42.857142857142854
Laundry soap,Nakivale (refugee settlement),KG,2023-06,1,5000.0,3500.0,1500.0,42.857142857142854
Laundry soap,Oruchinga (refugee settlement),KG,2023-01,1,5000.0,3500.0,1500.0,42.857142857142854
Maize (white),Lira,KG,2015-11,1,1000.0,700.0,300.0,42.857142857142854
Maize (white),Lira,KG,2021-06,1,1000.0,700.0,300.0,42.857142857142854
Maize (white),Nakivale (refugee settlement),KG,2022-02,1,1200.0,840.0,360.0,42.857142857142854
Maize flour,Arua,KG,2022-05,1,3000.0,2100.0,900.0,42.857142857142854
Milk (fresh),Kiryandongo (refugee settlement),L,2024-03,1,2000.0,1400.0,600.0,42.857142857142854
Millet,Kotido,KG,2025-05,1,4000.0,2800.0,1200.0,42.857142857142854
Mug (plastic),Oruchinga (refugee settlement),Unit,2023-03,1,1000.0,700.0,300.0,42.857142857142854
Panga,Kiryandongo (refugee settlement),Unit,2023-03,1,10000.0,7000.0,3000.0,42.857142857142854
Panga,Oruchinga (refugee settlement),Unit,2025-03,1,10000.0,7000.0,3000.0,42.857142857142854
Plate (plastic),Kyaka II (refugee settlement),Unit,2022-06,1,1000.0,700.0,300.0,42.857142857142854
Pole,Lobule (refugee settlement),Unit,2023-03,1,10000.0,7000.0,3000.0,42.857142857142854
Pole,Oruchinga (refugee settlement),Unit,2025-03,1,10000.0,7000.0,3000.0,42.857142857142854
Salt,Imvepi (refugee settlement),KG,2022-06,1,2000.0,1400.0,600.0,42.857142857142854
Salt,Kiryandongo (refugee settlement),KG,2021-10,1,2000.0,1400.0,600.0,42.857142857142854
Salt,Lobule (refugee settlement),KG,2023-01,1,2000.0,1400.0,600.0,42.857142857142854
Salt,Lobule (refugee settlement),KG,2023-08,1,2000.0,1400.0,600.0,42.857142857142854
Sorghum,Gulu,KG,2025-05,1,2000.0,1400.0,600.0,42.857142857142854
Sorghum,Iganga,KG,2012-08,1,1000.0,700.0,300.0,42.857142857142854
Underwear,Adjumani (refugee settlement),Unit,2025-02,1,5000.0,3500.0,1500.0,42.857142857142854
Underwear,Lobule (refugee settlement),Unit,2022-09,1,2500.0,1750.0,750.0,42.857142857142854
Underwear,Rhino Camp (refugee settlement),Unit,2023-05,1,2500.0,1750.0,750.0,42.857142857142854
Fish (dry),Kyaka II (refugee settlement),KG,2024-06,1,41667.0,29167.0,12500.0,42.85665306682209
Fish (dry),Nakivale (refugee settlement),KG,2023-07,1,29167.0,20417.0,8750.0,42.856443160111674
Millet,Kaabong,KG,2021-07,1,2857.0,2000.0,857.0,42.85
Maize (white),Kiryandongo (refugee settlement),KG,2024-11,1,1428.0,1000.0,428.0,42.8
Firewood,Rwamwanja (refugee settlement),KG,2024-08,1,267.0,187.0,80.0,42.780748663101605
Serving spoon,Kyangwali (refugee settlement),Unit,2026-06,1,3000.0,2102.0,898.0,42.72121788772598
Maize flour,Palabek (refugee settlement),KG,2025-02,1,2875.0,2015.0,860.0,42.67990074441687
Maize (white),Oruchinga (refugee settlement),KG,2026-03,1,1100.0,771.0,329.0,42.67185473411154
Charcoal,Oruchinga (refugee settlement),KG,2023-02,1,856.0,600.0,256.0,42.66666666666667
Exercise Book (48 pages),Bidibidi (refugee settlement),Unit,2022-09,1,713.0,500.0,213.0,42.6
Maize,Owino,KG,2013-11,2,1087.93,763.0899999999999,324.84000000000015,42.56902855495422
Cassava flour,Busia,KG,2022-04,1,1283.0,900.0,383.0,42.55555555555556
Charcoal,Adjumani (refugee settlement),KG,2022-06,1,836.0,586.59,249.40999999999997,42.518624592986576
Exercise Book (48 pages),Palorinya (refugee settlement),Unit,2021-09,1,475.0,333.33,141.67000000000002,42.50142501425015
Maize (white),Kiboga,KG,2013-06,1,788.3,553.3,235.0,42.47243809868065
Leafy vegetables,Palorinya (refugee settlement),KG,2025-08,1,1741.0,1222.0,519.0,42.47135842880524
Sorghum,Nakivale (refugee settlement),KG,2021-06,1,1400.0,983.0,417.0,42.42115971515768
Firewood,Bidibidi (refugee settlement),KG,2021-12,1,215.0,151.01,63.99000000000001,42.374677173697116
Cassava flour,Jinja,KG,2013-12,1,2050.0,1440.0,610.0,42.36111111111111
Maize (white),Kiryandongo (refugee settlement),KG,2025-01,1,1620.0,1138.0,482.0,42.35500878734622
Fish (dry),Kiryandongo (refugee settlement),KG,2025-05,1,21179.0,14886.0,6293.0,42.27462044874379
Maize flour,Owino,KG,2019-02,1,2300.0,1617.0,683.0,42.2387136672851
Jerrycan (20L),Palorinya (refugee settlement),Unit,2025-06,1,10667.0,7500.0,3167.0,42.22666666666667
Fish (dry),Kyangwali (refugee settlement),KG,2025-08,1,26667.0,18750.0,7917.0,42.224000000000004
Firewood,Nakivale (refugee settlement),KG,2026-02,1,438.0,308.0,130.0,42.2077922077922
Cassava flour,Namalu,KG,2025-07,1,2133.0,1500.0,633.0,42.199999999999996
Charcoal,Nakivale (refugee settlement),KG,2024-03,1,1193.0,839.0,354.0,42.19308700834327
Millet,Makaratin,KG,2023-02,1,2900.0,2040.0,860.0,42.15686274509804
Oil (vegetable),Mbale,L,2026-01,1,11017.0,7750.0,3267.0,42.15483870967741
Firewood,Palorinya (refugee settlement),KG,2021-12,1,302.0,212.47,89.53,42.13771355956135
Sorghum,Mukono,KG,2024-03,1,3600.0,2533.0,1067.0,42.123963679431505
Mug (plastic),Palorinya (refugee settlement),Unit,2022-06,1,900.0,633.33,266.66999999999996,42.10601108426886
Cassava (fresh),Rwamwanja (refugee settlement),KG,2023-05,1,1080.0,760.0,320.0,42.10526315789473
Maize (white),Lira,KG,2019-04,1,1350.0,950.0,400.0,42.10526315789473
Maize flour,Lobule (refugee settlement),KG,2025-02,1,3086.0,2172.0,914.0,42.081031307550646
Sorghum,Imvepi (refugee settlement),KG,2025-03,1,1233.0,868.0,365.0,42.05069124423963
Maize,Owino,KG,2014-03,2,1113.78,784.2,329.5799999999999,42.0275439938791
Pole,Kyangwali (refugee settlement),Unit,2024-12,1,10000.0,7042.0,2958.0,42.00511218403862
Leafy vegetables,Palabek (refugee settlement),KG,2025-03,1,4000.0,2818.0,1182.0,41.944641589779984
Salt,Kyaka II (refugee settlement),KG,2024-12,1,1567.0,1104.0,463.0,41.938405797101446
Millet,Soroti,KG,2025-05,1,4850.0,3417.0,1433.0,41.93737196371086
Maize (white),Imvepi (refugee settlement),KG,2024-09,1,1419.0,1000.0,419.0,41.9
Millet,Owino,KG,2024-05,1,3900.0,2750.0,1150.0,41.81818181818181
Pen,Nakivale (refugee settlement),Unit,2025-09,1,733.0,517.0,216.0,41.77949709864603
Sorghum,Lira,KG,2022-01,1,1205.0,850.0,355.0,41.76470588235294
Charcoal,Adjumani (refugee settlement),KG,2025-04,1,645.0,455.0,190.0,41.75824175824176
Maize flour,Lira,KG,2020-12,1,2000.0,1411.0,589.0,41.74344436569808
Sorghum,Palorinya (refugee settlement),KG,2024-07,1,1600.0,1129.0,471.0,41.71833480956599
Charcoal,Rhino Camp (refugee settlement),KG,2026-02,1,1264.0,892.0,372.0,41.70403587443946
Wooden mingle,Kyaka II (refugee settlement),Unit,2024-12,1,1417.0,1000.0,417.0,41.699999999999996
Cassava (fresh),Lobule (refugee settlement),KG,2024-07,1,870.0,614.0,256.0,41.69381107491857
Laundry soap,Nakivale (refugee settlement),KG,2022-11,1,5667.0,4000.0,1667.0,41.675000000000004
Beans,Gulu,KG,2020-04,1,5666.67,4000.0,1666.67,41.66675
Cassava flour,Mbale,KG,2021-05,1,1700.0,1200.0,500.0,41.66666666666667
Fish (dry),Oruchinga (refugee settlement),KG,2024-01,1,28333.0,20000.0,8333.0,41.665
Underwear,Palabek (refugee settlement),Unit,2025-02,1,2833.0,2000.0,833.0,41.65
Torch,Bidibidi (refugee settlement),Unit,2025-06,1,885.0,625.0,260.0,41.6
Fish (dry),Rwamwanja (refugee settlement),KG,2025-05,1,28318.0,20000.0,8318.0,41.589999999999996
Charcoal,Kyaka II (refugee settlement),KG,2021-12,1,1063.8,751.63,312.16999999999996,41.53240291100674
Jerrycan (5L),Adjumani (refugee settlement),Unit,2025-03,1,3000.0,2120.0,880.0,41.509433962264154
Maize,Owino,KG,2011-07,2,1070.63,756.77,313.8600000000001,41.47363135430846
Firewood,Adjumani (refugee settlement),KG,2025-12,1,314.0,222.0,92.0,41.44144144144144
Beans,Karita,KG,2019-04,1,3500.0,2475.0,1025.0,41.41414141414141
Charcoal,Rhino Camp (refugee settlement),KG,2025-05,1,980.0,693.0,287.0,41.41414141414141
Maize (white),Kiryandongo (refugee settlement),KG,2022-06,1,2333.0,1650.0,683.0,41.39393939393939
Cassava (fresh),Imvepi (refugee settlement),KG,2022-08,1,615.0,435.0,180.0,41.37931034482759
Fish (dry),Palabek (refugee settlement),KG,2025-09,1,17778.0,12581.0,5197.0,41.30832207296717
Beans,Mbale,KG,2022-03,1,3250.0,2300.0,950.0,41.30434782608695
Maize flour,Palorinya (refugee settlement),KG,2026-03,1,2400.0,1699.0,701.0,41.259564449676276
Maize (white),Adjumani (refugee settlement),KG,2021-04,1,1500.0,1062.0,438.0,41.24293785310734
Underwear,Kiryandongo (refugee settlement),Unit,2023-05,1,4000.0,2833.0,1167.0,41.19308153900459
Maize (white),Mbale,KG,2019-05,1,1600.0,1133.33,466.6700000000001,41.17688581437005
Serving spoon,Rwamwanja (refugee settlement),Unit,2023-06,1,3000.0,2125.0,875.0,41.17647058823529
Oil (vegetable),Owino,L,2021-04,1,8000.0,5667.0,2333.0,41.16816657843656
Rope,Oruchinga (refugee settlement),Unit,2025-09,1,2000.0,1417.0,583.0,41.14326040931546
Wooden mingle,Adjumani (refugee settlement),Unit,2024-06,1,2000.0,1417.0,583.0,41.14326040931546
Maize flour,Jinja,KG,2020-09,1,1976.0,1400.0,576.0,41.14285714285714
Cassava flour,Lira,KG,2023-04,1,3500.0,2480.0,1020.0,41.12903225806452
Millet,Lira,KG,2025-04,1,3300.0,2339.0,961.0,41.08593415989739
Plantains,Owino,KG,2009-09,2,582.3199999999999,412.855,169.46499999999992,41.04709886037469
Maize (white),Moroto,KG,2023-07,1,1833.0,1300.0,533.0,41.0
Maize (white),Wakiso,KG,2022-04,1,1833.0,1300.0,533.0,41.0
Leafy vegetables,Palorinya (refugee settlement),KG,2026-01,1,1754.0,1244.0,510.0,40.9967845659164
Beans,Kaabong,KG,2023-01,1,3840.0,2725.0,1115.0,40.91743119266055
Firewood,Kyangwali (refugee settlement),KG,2026-04,1,417.0,296.0,121.0,40.87837837837838
Sorghum,Kyaka II (refugee settlement),KG,2026-03,1,2603.0,1848.0,755.0,40.85497835497836
Beans,Hoima,KG,2025-04,1,5000.0,3550.0,1450.0,40.845070422535215
Oil (vegetable),Hoima,L,2025-04,1,10000.0,7101.0,2899.0,40.8252358822701
Leafy vegetables,Adjumani (refugee settlement),KG,2024-07,1,2347.0,1667.0,680.0,40.79184163167366
Serving spoon,Kyangwali (refugee settlement),Unit,2024-06,1,2463.0,1750.0,713.0,40.74285714285714
Sorghum,Kaabong,KG,2019-05,1,1216.0,864.0,352.0,40.74074074074074
Maize (white),Palabek (refugee settlement),KG,2026-03,1,1434.0,1019.0,415.0,40.72620215897939
Charcoal,Bidibidi (refugee settlement),KG,2025-05,1,816.0,580.0,236.0,40.689655172413794
Sorghum,Namalu,KG,2022-08,1,1200.0,853.0,347.0,40.6799531066823
Maize (white),Mbarara,KG,2021-09,1,1125.0,800.0,325.0,40.625
Mug (plastic),Rwamwanja (refugee settlement),Unit,2026-03,1,1250.0,889.0,361.0,40.607424071991
Maize (white),Jinja,KG,2022-04,1,1933.0,1375.0,558.0,40.58181818181818
Maize (white),Owino,KG,2012-04,1,1054.0,750.0,304.0,40.53333333333333
Sorghum,Palabek (refugee settlement),KG,2025-04,1,1150.0,819.0,331.0,40.415140415140414
Cassava (fresh),Imvepi (refugee settlement),KG,2025-04,1,410.0,292.0,118.0,40.41095890410959
Maize (white),Lobule (refugee settlement),KG,2021-11,1,1025.0,730.0,295.0,40.41095890410959
Cassava flour,Lira,KG,2016-10,2,2200.0,1567.0,633.0,40.395660497766436
Maize flour,Moroto,KG,2024-05,1,2000.0,1425.0,575.0,40.35087719298245
Millet,Iganga,KG,2021-04,1,2000.0,1425.0,575.0,40.35087719298245
Sorghum,Lira,KG,2013-06,1,600.0,427.5,172.5,40.35087719298245
Sorghum,Lobule (refugee settlement),KG,2022-08,1,2000.0,1425.0,575.0,40.35087719298245
Wooden mingle,Nakivale (refugee settlement),Unit,2022-03,1,1000.0,712.5,287.5,40.35087719298245
Wooden mingle,Palabek (refugee settlement),Unit,2022-03,1,1000.0,712.5,287.5,40.35087719298245
Leafy vegetables,Bidibidi (refugee settlement),KG,2024-01,1,3333.0,2375.0,958.0,40.33684210526316
Charcoal,Adjumani (refugee settlement),KG,2026-06,1,910.0,649.0,261.0,40.21571648690293
Charcoal,Nakivale (refugee settlement),KG,2023-02,1,2103.0,1500.0,603.0,40.2
Maize (white),Masindi,KG,2020-10,1,771.0,550.0,221.0,40.18181818181818
Firewood,Kyaka II (refugee settlement),KG,2022-09,1,328.0,234.0,94.0,40.17094017094017
Sorghum,Busia,KG,2025-10,1,1340.0,956.0,384.0,40.1673640167364
Cassava (fresh),Palabek (refugee settlement),KG,2024-06,1,688.0,491.0,197.0,40.122199592668025
Cassava (fresh),Palabek (refugee settlement),KG,2023-08,1,779.0,556.0,223.0,40.10791366906475
Maize (white),Imvepi (refugee settlement),KG,2025-02,1,1761.0,1257.0,504.0,40.09546539379475
Leafy vegetables,Bidibidi (refugee settlement),KG,2022-11,1,4000.0,2857.0,1143.0,40.0070003500175
Batteries,Lobule (refugee settlement),Pair,2023-03,1,3500.0,2500.0,1000.0,40.0
Beans,Bidibidi (refugee settlement),KG,2023-01,1,3500.0,2500.0,1000.0,40.0
Beans,Masindi,KG,2023-03,1,4200.0,3000.0,1200.0,40.0
Cassava flour,Lira,KG,2011-04,2,840.0,600.0,240.0,40.0
Exercise Book (48 pages),Imvepi (refugee settlement),Unit,2022-09,1,700.0,500.0,200.0,40.0
Exercise Book (48 pages),Kiryandongo (refugee settlement),Unit,2023-03,1,700.0,500.0,200.0,40.0
Jerrycan (20L),Lobule (refugee settlement),Unit,2024-09,1,7000.0,5000.0,2000.0,40.0
Jerrycan (5L),Lobule (refugee settlement),Unit,2021-06,1,1750.0,1250.0,500.0,40.0
Laundry soap,Oruchinga (refugee settlement),KG,2022-03,1,3500.0,2500.0,1000.0,40.0
Laundry soap,Palabek (refugee settlement),KG,2024-07,1,7000.0,5000.0,2000.0,40.0
Maize (white),Kasese,KG,2021-12,1,1400.0,1000.0,400.0,40.0
Maize (white),Lira,KG,2021-05,1,700.0,500.0,200.0,40.0
Maize flour,Imvepi (refugee settlement),KG,2022-09,1,3500.0,2500.0,1000.0,40.0
Maize flour,Namalu,KG,2022-08,1,2800.0,2000.0,800.0,40.0
Milk (fresh),Imvepi (refugee settlement),L,2024-02,1,1400.0,1000.0,400.0,40.0
Millet,Mbale,KG,2022-03,1,3500.0,2500.0,1000.0,40.0
Oil (vegetable),Gulu,L,2015-10,1,7000.0,5000.0,2000.0,40.0
Oil (vegetable),Gulu,L,2016-02,1,7000.0,5000.0,2000.0,40.0
Oil (vegetable),Kaabong,L,2019-11,1,7000.0,5000.0,2000.0,40.0
Oil (vegetable),Karita,L,2019-04,1,7000.0,5000.0,2000.0,40.0
Panga,Kyangwali (refugee settlement),Unit,2022-03,1,7000.0,5000.0,2000.0,40.0
Pen,Bidibidi (refugee settlement),Unit,2022-09,1,700.0,500.0,200.0,40.0
Pen,Oruchinga (refugee settlement),Unit,2025-03,1,700.0,500.0,200.0,40.0
Pole,Kiryandongo (refugee settlement),Unit,2023-12,1,7000.0,5000.0,2000.0,40.0
Pole,Palorinya (refugee settlement),Unit,2023-09,1,7000.0,5000.0,2000.0,40.0
Rope,Palorinya (refugee settlement),Unit,2024-09,1,700.0,500.0,200.0,40.0
Salt,Kiryandongo (refugee settlement),KG,2024-09,1,1400.0,1000.0,400.0,40.0
Sanitary pads,Kyangwali (refugee settlement),Packet,2023-01,1,3500.0,2500.0,1000.0,40.0
Sanitary pads,Oruchinga (refugee settlement),Packet,2023-08,1,3500.0,2500.0,1000.0,40.0
Sorghum,Jinja,KG,2013-03,1,980.0,700.0,280.0,40.0
Sorghum,Oruchinga (refugee settlement),KG,2025-03,1,1400.0,1000.0,400.0,40.0
Underwear,Imvepi (refugee settlement),Unit,2024-01,1,3500.0,2500.0,1000.0,40.0
Underwear,Nakivale (refugee settlement),Unit,2023-11,1,3500.0,2500.0,1000.0,40.0
Wooden mingle,Imvepi (refugee settlement),Unit,2021-09,1,700.0,500.0,200.0,40.0
Jerrycan (5L),Kyangwali (refugee settlement),Unit,2021-06,1,2333.33,1666.67,666.6599999999999,39.99952000095999
Jerrycan (5L),Kiryandongo (refugee settlement),Unit,2026-03,1,3889.0,2778.0,1111.0,39.99280057595392
Leafy vegetables,Kiryandongo (refugee settlement),KG,2022-09,1,2000.0,1429.0,571.0,39.95801259622113
Leafy vegetables,Kiryandongo (refugee settlement),KG,2023-10,1,2000.0,1429.0,571.0,39.95801259622113
Leafy vegetables,Kiryandongo (refugee settlement),KG,2024-01,1,2000.0,1429.0,571.0,39.95801259622113
Sorghum,Owino,KG,2013-11,1,1125.0,804.0,321.0,39.92537313432835
Firewood,Oruchinga (refugee settlement),KG,2025-04,1,400.0,286.0,114.0,39.86013986013986
Firewood,Imvepi (refugee settlement),KG,2023-02,1,288.0,206.0,82.0,39.80582524271845
Cassava (fresh),Palabek (refugee settlement),KG,2024-04,1,917.0,656.0,261.0,39.78658536585366
Firewood,Oruchinga (refugee settlement),KG,2025-07,1,327.0,234.0,93.0,39.743589743589745
Maize (white),Adjumani (refugee settlement),KG,2021-06,1,1319.0,944.0,375.0,39.72457627118644
Cassava flour,Kapchorwa,KG,2019-12,1,1466.67,1050.0,416.6700000000001,39.682857142857145
Sorghum,Kiryandongo (refugee settlement),KG,2021-06,1,1920.0,1375.0,545.0,39.63636363636363
Charcoal,Kyangwali (refugee settlement),KG,2025-09,1,1163.0,833.0,330.0,39.61584633853541
Leafy vegetables,Imvepi (refugee settlement),KG,2022-06,1,1163.0,833.0,330.0,39.61584633853541
Maize (white),Kaabong,KG,2022-06,1,2393.0,1714.0,679.0,39.6149358226371
Beans,Moroto,KG,2023-10,1,4188.0,3000.0,1188.0,39.6
Leafy vegetables,Adjumani (refugee settlement),KG,2021-12,1,2147.0,1538.0,609.0,39.596879063719115
Oil (vegetable),Nakivale (refugee settlement),L,2023-01,1,11167.0,8000.0,3167.0,39.5875
Panga,Kyangwali (refugee settlement),Unit,2024-03,1,10000.0,7167.0,2833.0,39.528394028184735
Firewood,Lobule (refugee settlement),KG,2023-10,1,465.0,333.3,131.7,39.51395139513951
Rope,Palabek (refugee settlement),Unit,2024-06,1,1000.0,717.0,283.0,39.47001394700139
Pole,Nakivale (refugee settlement),Unit,2025-09,1,7667.0,5500.0,2167.0,39.4
Maize (white),Kyangwali (refugee settlement),KG,2026-04,1,1350.0,969.0,381.0,39.318885448916404
Sorghum,Lobule (refugee settlement),KG,2025-01,1,2038.0,1463.0,575.0,39.302802460697194
Firewood,Adjumani (refugee settlement),KG,2023-09,1,437.4,314.0,123.39999999999998,39.29936305732483
Leafy vegetables,Nakivale (refugee settlement),KG,2023-10,1,1131.0,812.0,319.0,39.285714285714285
Underwear,Palabek (refugee settlement),Unit,2024-06,1,3000.0,2154.0,846.0,39.27576601671309
Millet,Makaratin,KG,2023-10,1,1880.0,1350.0,530.0,39.25925925925926
Plantains,Owino,KG,2012-09,2,858.5,616.5,242.0,39.253852392538526
Firewood,Adjumani (refugee settlement),KG,2022-03,1,348.0,250.0,98.0,39.2
Charcoal,Rwamwanja (refugee settlement),KG,2025-04,1,1176.0,845.0,331.0,39.171597633136095
Cassava (fresh),Kiryandongo (refugee settlement),KG,2025-11,1,970.0,697.0,273.0,39.16786226685796
Firewood,Rwamwanja (refugee settlement),KG,2025-12,1,263.0,189.0,74.0,39.15343915343915
Cassava (fresh),Bidibidi (refugee settlement),KG,2024-08,1,979.0,704.0,275.0,39.0625
Leafy vegetables,Oruchinga (refugee settlement),KG,2023-09,1,2500.0,1798.0,702.0,39.04338153503893
Firewood,Bidibidi (refugee settlement),KG,2023-07,1,228.0,164.0,64.0,39.02439024390244
Serving spoon,Palorinya (refugee settlement),Unit,2024-06,1,2317.0,1667.0,650.0,38.99220155968806
Leafy vegetables,Kyaka II (refugee settlement),KG,2021-06,1,1255.0,903.0,352.0,38.9811738648948
Leafy vegetables,Kyangwali (refugee settlement),KG,2022-06,1,1667.0,1200.0,467.0,38.916666666666664
Leafy vegetables,Kiryandongo (refugee settlement),KG,2025-09,1,5556.0,4000.0,1556.0,38.9
Cassava (fresh),Nakivale (refugee settlement),KG,2022-09,1,1250.0,900.0,350.0,38.88888888888889
Cassava flour,Fort Portal,KG,2022-07,1,2500.0,1800.0,700.0,38.88888888888889
Cassava flour,Karita,KG,2019-06,1,2500.0,1800.0,700.0,38.88888888888889
Cassava flour,Mbarara,KG,2018-03,1,2500.0,1800.0,700.0,38.88888888888889
Fish (dry),Kyangwali (refugee settlement),KG,2022-06,1,25000.0,18000.0,7000.0,38.88888888888889
Millet,Mbarara,KG,2021-06,1,2500.0,1800.0,700.0,38.88888888888889
Firewood,Rhino Camp (refugee settlement),KG,2023-08,1,268.0,193.0,75.0,38.860103626943
Sorghum,Karita,KG,2018-11,1,833.0,600.0,233.0,38.83333333333333
Wooden mingle,Rhino Camp (refugee settlement),Unit,2022-09,1,833.0,600.0,233.0,38.83333333333333
Maize (white),Masaka,KG,2023-03,1,1480.0,1066.67,413.3299999999999,38.749566407604966
Firewood,Bidibidi (refugee settlement),KG,2023-04,1,215.0,155.0,60.0,38.70967741935484
Sorghum,Soroti,KG,2020-01,1,850.0,613.0,237.0,38.66231647634584
Maize,Lira,KG,2009-01,1,532.72,384.21,148.51000000000005,38.653340621014564
Sorghum,Lobule (refugee settlement),KG,2022-04,1,1733.0,1250.0,483.0,38.64
Maize flour,Bidibidi (refugee settlement),KG,2026-06,1,3664.0,2643.0,1021.0,38.6303443057132
Laundry soap,Palabek (refugee settlement),KG,2024-06,1,5000.0,3607.0,1393.0,38.619351261436094
Plate (plastic),Rhino Camp (refugee settlement),Unit,2025-06,1,1333.0,962.0,371.0,38.565488565488565
Maize,Lira,KG,2008-07,1,556.16,401.51,154.64999999999998,38.51709795521904
Milk (fresh),Palabek (refugee settlement),L,2023-10,1,2000.0,1444.0,556.0,38.504155124653735
Cassava (fresh),Nakivale (refugee settlement),KG,2022-02,1,385.0,278.0,107.0,38.489208633093526
Leafy vegetables,Imvepi (refugee settlement),KG,2022-09,1,3077.0,2222.0,855.0,38.47884788478848
Exercise Book (48 pages),Nakivale (refugee settlement),Unit,2024-12,1,900.0,650.0,250.0,38.46153846153847
Maize (white),Lira,KG,2013-03,1,900.0,650.0,250.0,38.46153846153847
Mug (plastic),Palorinya (refugee settlement),Unit,2021-12,1,900.0,650.0,250.0,38.46153846153847
Sorghum,Gulu,KG,2013-02,1,900.0,650.0,250.0,38.46153846153847
Sorghum,Kotido,KG,2019-04,1,1081.25,781.0,300.25,38.444302176696546
Jerrycan (5L),Rhino Camp (refugee settlement),Unit,2026-06,1,3000.0,2167.0,833.0,38.440239963082604
Underwear,Nakivale (refugee settlement),Unit,2023-04,1,3000.0,2167.0,833.0,38.440239963082604
Panga,Adjumani (refugee settlement),Unit,2025-12,1,10000.0,7224.0,2776.0,38.42746400885936
Maize,Masindi,KG,2021-06,1,765.87,553.27,212.60000000000002,38.426084913333455
Maize (white),Namalu,KG,2019-02,1,1200.0,867.0,333.0,38.4083044982699
Charcoal,Kyangwali (refugee settlement),KG,2025-01,1,692.0,500.0,192.0,38.4
Firewood,Kiryandongo (refugee settlement),KG,2022-09,1,274.0,198.0,76.0,38.38383838383838
Maize,Owino,KG,2009-04,1,753.36,544.41,208.95000000000005,38.38099961426132
Maize flour,Kiryandongo (refugee settlement),KG,2022-05,1,2767.0,2000.0,767.0,38.35
Cassava flour,Kotido,KG,2021-10,1,1383.0,1000.0,383.0,38.3
Maize (white),Lira,KG,2025-04,1,1300.0,940.0,360.0,38.297872340425535
Maize (white),Palorinya (refugee settlement),KG,2022-06,1,2167.0,1567.0,600.0,38.28972559029994
Plantains,Lira,KG,2016-10,2,1106.25,800.0,306.25,38.28125
Pencil,Nakivale (refugee settlement),Unit,2026-06,1,300.0,217.0,83.0,38.24884792626728
Pencil,Palabek (refugee settlement),Unit,2024-06,1,300.0,217.0,83.0,38.24884792626728
Cassava (fresh),Kyangwali (refugee settlement),KG,2021-11,1,604.0,437.0,167.0,38.215102974828376
Leafy vegetables,Adjumani (refugee settlement),KG,2021-08,1,1578.0,1142.0,436.0,38.17863397548161
Laundry soap,Kiryandongo (refugee settlement),KG,2024-04,1,3500.0,2533.0,967.0,38.1760757994473
Maize flour,Kyaka II (refugee settlement),KG,2025-03,1,2979.0,2156.0,823.0,38.17254174397032
Cassava flour,Kapchorwa,KG,2013-04,1,1000.0,724.0,276.0,38.12154696132597
Millet,Soroti,KG,2020-01,1,1450.0,1050.0,400.0,38.095238095238095
Charcoal,Palabek (refugee settlement),KG,2022-11,1,881.0,638.0,243.0,38.087774294670844
Salt,Rwamwanja (refugee settlement),KG,2025-01,1,1617.0,1171.0,446.0,38.08710503842869
Maize flour,Nakivale (refugee settlement),KG,2025-01,1,2680.0,1941.0,739.0,38.073158165893865
Firewood,Bidibidi (refugee settlement),KG,2025-10,1,381.0,276.0,105.0,38.04347826086957
Fish (dry),Palabek (refugee settlement),KG,2022-06,1,14108.0,10222.0,3886.0,38.01604382703972
Fish (dry),Kyangwali (refugee settlement),KG,2023-12,1,18069.0,13095.0,4974.0,37.98396334478809
Maize (white),Kiryandongo (refugee settlement),KG,2023-05,1,1850.0,1341.0,509.0,37.956748695003725
Charcoal,Bidibidi (refugee settlement),KG,2022-12,1,400.0,290.0,110.0,37.93103448275862
Sorghum,Imvepi (refugee settlement),KG,2024-01,1,2000.0,1450.0,550.0,37.93103448275862
Maize (white),Jinja,KG,2012-05,1,1121.0,813.0,308.0,37.88437884378843
Maize,Lira,KG,2019-04,1,1024.16,743.08,281.08000000000004,37.826344404371
Maize (white),Karenga,KG,2025-06,1,1804.0,1309.0,495.0,37.81512605042017
Cassava (fresh),Rhino Camp (refugee settlement),KG,2021-11,1,667.0,484.0,183.0,37.8099173553719
Pen,Palabek (refugee settlement),Unit,2025-12,1,689.0,500.0,189.0,37.8
Sorghum,Oruchinga (refugee settlement),KG,2025-04,1,1929.0,1400.0,529.0,37.785714285714285
Leafy vegetables,Nakivale (refugee settlement),KG,2026-03,1,2243.0,1628.0,615.0,37.776412776412776
Fish (dry),Rhino Camp (refugee settlement),KG,2023-05,1,25000.0,18155.0,6845.0,37.70311209033324
Maize flour,Kyangwali (refugee settlement),KG,2023-10,1,3933.0,2858.0,1075.0,37.61371588523443
Cassava (fresh),Adjumani (refugee settlement),KG,2024-02,1,860.0,625.0,235.0,37.6
Leafy vegetables,Kyaka II (refugee settlement),KG,2026-03,1,2245.0,1632.0,613.0,37.56127450980392
Maize (white),Kotido,KG,2025-05,1,1513.0,1100.0,413.0,37.54545454545454
Maize (white),Palabek (refugee settlement),KG,2026-04,1,1972.0,1434.0,538.0,37.517433751743376
Charcoal,Kiryandongo (refugee settlement),KG,2023-07,1,1250.0,909.0,341.0,37.51375137513752
Charcoal,Kiryandongo (refugee settlement),KG,2024-04,1,1250.0,909.0,341.0,37.51375137513752
Serving spoon,Palorinya (refugee settlement),Unit,2023-06,1,1833.0,1333.0,500.0,37.50937734433609
Cassava flour,Mbarara,KG,2010-11,1,1100.0,800.0,300.0,37.5
Laundry soap,Bidibidi (refugee settlement),KG,2022-04,1,5500.0,4000.0,1500.0,37.5
Laundry soap,Kiryandongo (refugee settlement),KG,2021-12,1,2750.0,2000.0,750.0,37.5
Leafy vegetables,Imvepi (refugee settlement),KG,2021-02,1,2750.0,2000.0,750.0,37.5
Maize (white),Kapchorwa,KG,2021-06,1,1100.0,800.0,300.0,37.5
Maize (white),Makaratin,KG,2023-04,1,2200.0,1600.0,600.0,37.5
Millet,Owino,KG,2018-02,1,3300.0,2400.0,900.0,37.5
Millet flour,Bidibidi (refugee settlement),KG,2023-01,1,5500.0,4000.0,1500.0,37.5
Sanitary pads,Bidibidi (refugee settlement),Packet,2025-06,1,2750.0,2000.0,750.0,37.5
Sorghum,Hoima,KG,2024-04,1,2750.0,2000.0,750.0,37.5
Sorghum,Lira,KG,2019-04,1,1100.0,800.0,300.0,37.5
Charcoal,Nakivale (refugee settlement),KG,2023-10,1,1295.0,942.0,353.0,37.47346072186836
Pen,Bidibidi (refugee settlement),Unit,2025-09,1,833.0,606.0,227.0,37.45874587458746
Maize (white),Nakivale (refugee settlement),KG,2021-09,1,1156.0,841.0,315.0,37.45541022592152
Mug (plastic),Lobule (refugee settlement),Unit,2025-12,1,687.0,500.0,187.0,37.4
Firewood,Rhino Camp (refugee settlement),KG,2023-02,1,158.0,115.0,43.0,37.391304347826086
Cassava (fresh),Kyangwali (refugee settlement),KG,2023-03,1,1044.0,760.0,284.0,37.368421052631575
Maize,Owino,KG,2019-04,1,1084.62,789.91,294.7099999999999,37.30931371928447
Sorghum,Kiryandongo (refugee settlement),KG,2024-11,1,2250.0,1639.0,611.0,37.27882855399634
Leafy vegetables,Adjumani (refugee settlement),KG,2024-01,1,2125.0,1548.0,577.0,37.27390180878553
Beans,Kyaka II (refugee settlement),KG,2023-04,1,4667.0,3400.0,1267.0,37.26470588235294
Beans,Rhino Camp (refugee settlement),KG,2022-08,1,2333.33,1700.0,633.3299999999999,37.25470588235294
Maize,Lira,KG,2019-10,1,961.23,700.39,260.84000000000003,37.242107968417606
Firewood,Kiryandongo (refugee settlement),KG,2023-08,1,435.0,317.0,118.0,37.22397476340694
Beans,Kyaka II (refugee settlement),KG,2024-07,1,2367.0,1725.0,642.0,37.21739130434783
Fish (dry),Palorinya (refugee settlement),KG,2021-05,1,15311.0,11160.0,4151.0,37.19534050179211
Maize (white),Kyaka II (refugee settlement),KG,2026-03,1,1125.0,820.0,305.0,37.19512195121951
Fish (dry),Oruchinga (refugee settlement),KG,2022-12,1,28571.0,20833.0,7738.0,37.14299428790861
Laundry soap,Nakivale (refugee settlement),KG,2023-01,1,4800.0,3500.0,1300.0,37.142857142857146
Serving spoon,Rhino Camp (refugee settlement),Unit,2024-06,1,2400.0,1750.0,650.0,37.142857142857146
Sorghum,Nabilatuk,KG,2024-12,1,1200.0,875.0,325.0,37.142857142857146
Leafy vegetables,Nakivale (refugee settlement),KG,2024-09,1,1714.0,1250.0,464.0,37.12
Maize (white),Kyangwali (refugee settlement),KG,2025-03,1,1139.0,831.0,308.0,37.063778580024064
Beans,Gulu,KG,2017-04,1,3700.0,2700.0,1000.0,37.03703703703704
Maize flour,Mbarara,KG,2011-04,1,1850.0,1350.0,500.0,37.03703703703704
Maize (white),Iganga,KG,2019-03,1,1233.0,900.0,333.0,37.0
Beans,Kyangwali (refugee settlement),KG,2021-05,1,1522.0,1111.0,411.0,36.99369936993699
Sorghum,Nabilatuk,KG,2025-11,1,952.0,695.0,257.0,36.97841726618705
Beans,Rhino Camp (refugee settlement),KG,2025-08,1,4483.0,3273.0,1210.0,36.96914146043385
Pole,Palabek (refugee settlement),Unit,2025-03,1,12333.0,9008.0,3325.0,36.91163410301954
Oil (vegetable),Lobule (refugee settlement),L,2025-01,1,10096.0,7375.0,2721.0,36.89491525423729
Leafy vegetables,Kyaka II (refugee settlement),KG,2023-11,1,1548.0,1131.0,417.0,36.87002652519894
Maize flour,Kotido,KG,2022-04,1,2600.0,1900.0,700.0,36.84210526315789
Maize (white),Adjumani (refugee settlement),KG,2022-05,1,2296.0,1678.0,618.0,36.8295589988081
Sorghum,Kaabong,KG,2022-06,1,1929.0,1410.0,519.0,36.80851063829787
Sorghum,Rwamwanja (refugee settlement),KG,2025-04,1,3260.0,2383.0,877.0,36.80234997901805
Exercise Book (48 pages),Lobule (refugee settlement),Unit,2025-06,1,684.0,500.0,184.0,36.8
Underwear,Kiryandongo (refugee settlement),Unit,2022-08,1,2833.0,2071.0,762.0,36.793819410912604
Charcoal,Kyangwali (refugee settlement),KG,2021-09,1,818.9,598.72,220.17999999999995,36.77512025654729
Millet,Gulu,KG,2022-12,1,4000.0,2925.0,1075.0,36.75213675213676
Beans,Imvepi (refugee settlement),KG,2023-03,1,4033.0,2950.0,1083.0,36.71186440677966
Maize (white),Rwamwanja (refugee settlement),KG,2023-02,1,1367.0,1000.0,367.0,36.7
Mug (plastic),Rhino Camp (refugee settlement),Unit,2023-09,1,775.0,567.0,208.0,36.68430335097001
Cassava flour,Iganga,KG,2020-01,1,1366.67,1000.0,366.6700000000001,36.667
Maize flour,Arua,KG,2024-12,1,2050.0,1500.0,550.0,36.666666666666664
Millet flour,Imvepi (refugee settlement),KG,2025-01,1,4100.0,3000.0,1100.0,36.666666666666664
Sorghum,Kotido,KG,2023-03,1,1400.0,1025.0,375.0,36.58536585365854
Beans,Palorinya (refugee settlement),KG,2021-05,1,3500.0,2563.0,937.0,36.55872024970737
Milk (fresh),Kiryandongo (refugee settlement),L,2025-05,1,2458.0,1800.0,658.0,36.55555555555556
Firewood,Kyaka II (refugee settlement),KG,2026-06,1,482.0,353.0,129.0,36.54390934844193
Beans,Nabilatuk,KG,2022-11,1,3550.0,2600.0,950.0,36.53846153846153
Sorghum,Kyangwali (refugee settlement),KG,2025-10,1,3210.0,2351.0,859.0,36.53764355593365
Maize,Lira,KG,2021-06,1,769.0,563.29,205.71000000000004,36.51937723020115
Beans,Rwamwanja (refugee settlement),KG,2021-08,1,1645.0,1205.0,440.0,36.51452282157676
Firewood,Palabek (refugee settlement),KG,2026-03,1,187.0,137.0,50.0,36.496350364963504
Leafy vegetables,Adjumani (refugee settlement),KG,2026-02,1,2432.0,1783.0,649.0,36.399326977005046
Sanitary pads,Palorinya (refugee settlement),Packet,2023-06,1,2500.0,1833.0,667.0,36.38843426077469
Underwear,Lobule (refugee settlement),Unit,2026-06,1,2500.0,1833.0,667.0,36.38843426077469
Firewood,Palorinya (refugee settlement),KG,2026-02,1,536.0,393.0,143.0,36.38676844783715
Cassava (fresh),Imvepi (refugee settlement),KG,2026-03,1,551.0,404.0,147.0,36.386138613861384
Mug (plastic),Kyangwali (refugee settlement),Unit,2023-12,1,1000.0,733.3,266.70000000000005,36.36983499249967
Beans,Gulu,KG,2019-01,1,3000.0,2200.0,800.0,36.36363636363637
Jerrycan (20L),Palorinya (refugee settlement),Unit,2021-12,1,7500.0,5500.0,2000.0,36.36363636363637
Laundry soap,Kyangwali (refugee settlement),KG,2023-02,1,7500.0,5500.0,2000.0,36.36363636363637
Maize flour,Mbarara,KG,2017-01,1,3000.0,2200.0,800.0,36.36363636363637
Millet,Lira,KG,2025-05,1,4500.0,3300.0,1200.0,36.36363636363637
Nails,Adjumani (refugee settlement),KG,2021-12,1,7500.0,5500.0,2000.0,36.36363636363637
Sorghum,Gulu,KG,2019-06,1,1500.0,1100.0,400.0,36.36363636363637
Sorghum,Hoima,KG,2024-11,1,3000.0,2200.0,800.0,36.36363636363637
Sorghum,Rwamwanja (refugee settlement),KG,2023-04,1,2250.0,1650.0,600.0,36.36363636363637
Laundry soap,Palorinya (refugee settlement),KG,2023-12,1,5000.0,3667.0,1333.0,36.35124079629124
Maize (white),Lira,KG,2022-04,1,1486.0,1090.0,396.0,36.3302752293578
Maize (white),Karenga,KG,2025-02,1,1250.0,917.0,333.0,36.31406761177753
Fish (dry),Oruchinga (refugee settlement),KG,2022-06,1,12000.0,8806.0,3194.0,36.270724506018624
Salt,Imvepi (refugee settlement),KG,2025-01,1,1907.0,1400.0,507.0,36.214285714285715
Cassava (fresh),Palorinya (refugee settlement),KG,2024-01,1,489.0,359.0,130.0,36.211699164345404
Firewood,Kiryandongo (refugee settlement),KG,2025-10,1,463.0,340.0,123.0,36.17647058823529
Leafy vegetables,Adjumani (refugee settlement),KG,2025-08,1,2128.0,1563.0,565.0,36.14843250159949
Beans,Palorinya (refugee settlement),KG,2022-06,1,3767.0,2767.0,1000.0,36.140224069389234
Batteries,Palabek (refugee settlement),Pair,2023-12,1,2042.0,1500.0,542.0,36.13333333333333
Millet flour,Oruchinga (refugee settlement),KG,2025-03,1,4083.0,3000.0,1083.0,36.1
Cassava (fresh),Adjumani (refugee settlement),KG,2021-08,1,607.0,446.0,161.0,36.09865470852018
Cassava flour,Gulu,KG,2025-02,1,3973.0,2920.0,1053.0,36.06164383561644
Batteries,Lobule (refugee settlement),Pair,2024-09,1,2040.0,1500.0,540.0,36.0
Beans,Masindi,KG,2022-05,1,3400.0,2500.0,900.0,36.0
Pole,Rhino Camp (refugee settlement),Unit,2025-03,1,6154.0,4525.0,1629.0,36.0
Rope,Rhino Camp (refugee settlement),Unit,2023-12,1,850.0,625.0,225.0,36.0
Serving spoon,Adjumani (refugee settlement),Unit,2026-03,1,1791.0,1317.0,474.0,35.99088838268793
Fish (dry),Rhino Camp (refugee settlement),KG,2022-07,1,21429.0,15774.0,5655.0,35.85013313046786
Wooden mingle,Kyangwali (refugee settlement),Unit,2026-03,1,2490.0,1833.0,657.0,35.84288052373159
Beans,Palabek (refugee settlement),KG,2022-06,1,3367.0,2480.0,887.0,35.766129032258064
Salt,Nakivale (refugee settlement),KG,2026-01,1,2172.0,1600.0,572.0,35.75
Beans,Kotido,KG,2023-04,1,4800.0,3536.0,1264.0,35.74660633484163
Pole,Adjumani (refugee settlement),Unit,2024-06,1,6334.0,4667.0,1667.0,35.71887722305549
Beans,Arua,KG,2024-10,1,3800.0,2800.0,1000.0,35.714285714285715
Beans,Mbarara,KG,2015-03,1,2375.0,1750.0,625.0,35.714285714285715
Maize (white),Mbarara,KG,2015-03,1,1425.0,1050.0,375.0,35.714285714285715
Maize,Lira,KG,2011-08,1,750.0,552.67,197.33000000000004,35.70485099607362
Rope,Bidibidi (refugee settlement),Unit,2023-03,1,1357.0,1000.0,357.0,35.699999999999996
Maize flour,Bidibidi (refugee settlement),KG,2025-09,1,2961.0,2183.0,778.0,35.63902885936784
Maize (white),Imvepi (refugee settlement),KG,2024-01,1,2000.0,1475.0,525.0,35.59322033898305
Firewood,Nakivale (refugee settlement),KG,2026-04,1,461.0,340.0,121.0,35.588235294117645
Plantains,Owino,KG,2011-04,2,762.2249999999999,562.27,199.95499999999993,35.56209650168067
Millet,Hoima,KG,2022-03,1,3750.0,2767.0,983.0,35.52584026020961
Fish (dry),Kyangwali (refugee settlement),KG,2024-04,1,19722.0,14554.0,5168.0,35.50913838120104
Maize (white),Jinja,KG,2020-09,1,813.0,600.0,213.0,35.5
Firewood,Kiryandongo (refugee settlement),KG,2024-07,1,294.0,217.0,77.0,35.483870967741936
Sorghum,Rwamwanja (refugee settlement),KG,2026-03,1,3357.0,2478.0,879.0,35.47215496368039
Sorghum,Kyangwali (refugee settlement),KG,2021-06,1,2125.0,1569.0,556.0,35.43658381134481
Fish (dry),Palorinya (refugee settlement),KG,2022-07,1,6452.0,4764.0,1688.0,35.43240973971453
Fish (dry),Adjumani (refugee settlement),KG,2025-06,1,26173.0,19341.0,6832.0,35.32392327180601
Maize (white),Iganga,KG,2011-07,1,1150.0,850.0,300.0,35.294117647058826
Maize (white),Gulu,KG,2012-05,1,1342.0,992.0,350.0,35.28225806451613
Cassava (fresh),Kyaka II (refugee settlement),KG,2025-05,1,418.0,309.0,109.0,35.275080906148865
Maize (white),Makaratin,KG,2023-02,1,1975.0,1460.0,515.0,35.273972602739725
Firewood,Imvepi (refugee settlement),KG,2021-12,1,244.0,180.39,63.610000000000014,35.26248683408173
Jerrycan (20L),Kyangwali (refugee settlement),Unit,2026-03,1,9467.0,7000.0,2467.0,35.24285714285714
Mug (plastic),Palabek (refugee settlement),Unit,2022-03,1,1000.0,739.58,260.41999999999996,35.21187701127666
Maize (white),Oruchinga (refugee settlement),KG,2022-09,1,2400.0,1775.0,625.0,35.2112676056338
Sorghum,Kaabong,KG,2019-03,1,776.0,574.0,202.0,35.19163763066202
Firewood,Palorinya (refugee settlement),KG,2023-07,1,292.0,216.0,76.0,35.18518518518518
Maize (white),Napak,KG,2025-05,1,1971.0,1458.0,513.0,35.18518518518518
Maize flour,Mbarara,KG,2015-01,1,2275.0,1683.0,592.0,35.175282234105765
Cassava (fresh),Oruchinga (refugee settlement),KG,2023-12,1,1176.0,870.0,306.0,35.172413793103445
Firewood,Rhino Camp (refugee settlement),KG,2022-11,1,200.0,148.0,52.0,35.13513513513514
Maize (white),Lobule (refugee settlement),KG,2022-08,1,2500.0,1850.0,650.0,35.13513513513514
Millet,Hoima,KG,2024-01,1,5000.0,3700.0,1300.0,35.13513513513514
Pole,Kyaka II (refugee settlement),Unit,2025-03,1,10000.0,7400.0,2600.0,35.13513513513514
Cassava flour,Iganga,KG,2011-03,1,635.0,470.0,165.0,35.1063829787234
Rope,Kyaka II (refugee settlement),Unit,2026-06,1,2000.0,1481.0,519.0,35.0438892640108
Firewood,Kiryandongo (refugee settlement),KG,2022-10,1,370.0,274.0,96.0,35.03649635036496
Rope,Adjumani (refugee settlement),Unit,2025-03,1,1619.0,1199.0,420.0,35.029190992493746
Cassava (fresh),Kiryandongo (refugee settlement),KG,2021-11,1,667.0,494.0,173.0,35.020242914979754
Millet,Lira,KG,2025-02,1,2306.0,1708.0,598.0,35.011709601873534
Charcoal,Rwamwanja (refugee settlement),KG,2023-11,1,1458.0,1080.0,378.0,35.0
Jerrycan (5L),Kiryandongo (refugee settlement),Unit,2024-09,1,2700.0,2000.0,700.0,35.0
Millet,Lira,KG,2023-01,1,2700.0,2000.0,700.0,35.0
Serving spoon,Palorinya (refugee settlement),Unit,2025-12,1,1350.0,1000.0,350.0,35.0
Sorghum,Kotido,KG,2022-10,1,1080.0,800.0,280.0,35.0
Sorghum,Moroto,KG,2022-08,1,1350.0,1000.0,350.0,35.0
Jerrycan (20L),Kyangwali (refugee settlement),Unit,2022-05,1,9000.0,6666.67,2333.33,34.99993250003375
Sorghum,Karita,KG,2019-04,1,1300.0,963.0,337.0,34.994807892004154
Laundry soap,Kyaka II (refugee settlement),KG,2025-01,1,4667.0,3458.0,1209.0,34.962406015037594
Mug (plastic),Imvepi (refugee settlement),Unit,2025-12,1,900.0,667.0,233.0,34.93253373313343
Pen,Palabek (refugee settlement),Unit,2025-06,1,900.0,667.0,233.0,34.93253373313343
Charcoal,Nakivale (refugee settlement),KG,2023-04,1,1667.0,1236.0,431.0,34.8705501618123
Plantains,Owino,KG,2010-09,2,433.125,321.15,111.97500000000002,34.86688463334891
Charcoal,Rhino Camp (refugee settlement),KG,2025-04,1,693.0,514.0,179.0,34.824902723735406
Cassava flour,Lira,KG,2015-04,2,1510.0,1120.0,390.0,34.82142857142857
Beans,Owino,KG,2011-05,2,2287.875,1697.08,590.7950000000001,34.81244254837722
Jerrycan (5L),Kyaka II (refugee settlement),Unit,2026-03,1,3975.0,2950.0,1025.0,34.74576271186441
Beans,Lira,KG,2020-04,2,3780.71,2808.37,972.3400000000001,34.62293073918323
Maize flour,Kiboga,KG,2011-04,1,1750.0,1300.0,450.0,34.61538461538461
Pen,Kyaka II (refugee settlement),Unit,2025-09,1,700.0,520.0,180.0,34.61538461538461
Jerrycan (5L),Rhino Camp (refugee settlement),Unit,2024-09,1,2242.0,1666.0,576.0,34.57382953181273
Salt,Adjumani (refugee settlement),KG,2023-04,1,1920.0,1427.0,493.0,34.54800280308339
Charcoal,Kyaka II (refugee settlement),KG,2025-07,1,1019.0,757.5,261.5,34.52145214521452
Maize (white),Rwamwanja (refugee settlement),KG,2022-04,1,1290.0,959.0,331.0,34.51511991657977
Millet,Iganga,KG,2025-05,1,3517.0,2615.0,902.0,34.493307839388144
Millet flour,Kiryandongo (refugee settlement),KG,2024-07,1,4875.0,3625.0,1250.0,34.48275862068966
Sanitary pads,Adjumani (refugee settlement),Packet,2023-07,1,3000.0,2231.0,769.0,34.46884805020171
Maize (white),Soroti,KG,2024-12,1,1250.0,930.0,320.0,34.40860215053764
Charcoal,Nakivale (refugee settlement),KG,2026-04,1,1481.0,1102.0,379.0,34.39201451905626
Plantains,Owino,KG,2013-09,2,3541.625,2635.5,906.125,34.381521532915954
Maize (white),Iganga,KG,2016-04,1,1075.0,800.0,275.0,34.375
Maize,Busia,KG,2017-03,1,1608.39,1197.06,411.33000000000015,34.36168613102102
Charcoal,Kyaka II (refugee settlement),KG,2025-12,1,1370.0,1020.0,350.0,34.31372549019608
Cassava flour,Soroti,KG,2024-07,1,1880.0,1400.0,480.0,34.285714285714285
Wooden mingle,Lobule (refugee settlement),Unit,2022-03,1,671.0,500.0,171.0,34.2
Charcoal,Palorinya (refugee settlement),KG,2024-07,1,781.0,582.0,199.0,34.192439862542955
Cassava (fresh),Palorinya (refugee settlement),KG,2025-12,1,573.0,427.0,146.0,34.19203747072599
Beans,Mbarara,KG,2015-09,1,2750.0,2050.0,700.0,34.146341463414636
Leafy vegetables,Bidibidi (refugee settlement),KG,2025-05,1,1595.0,1189.0,406.0,34.146341463414636
Maize (white),Iganga,KG,2015-10,1,838.0,625.0,213.0,34.08
Sanitary pads,Palorinya (refugee settlement),Packet,2026-01,1,2940.0,2194.0,746.0,34.00182315405652
Firewood,Imvepi (refugee settlement),KG,2023-10,1,250.0,186.6,63.400000000000006,33.97642015005359
Plate (plastic),Kyangwali (refugee settlement),Unit,2021-09,1,1250.0,933.33,316.66999999999996,33.92904974660623
Sorghum,Iganga,KG,2020-11,1,1875.0,1400.0,475.0,33.92857142857143
Panga,Lobule (refugee settlement),Unit,2025-09,1,10000.0,7467.0,2533.0,33.922592741395476
Firewood,Palabek (refugee settlement),KG,2025-08,1,312.0,233.0,79.0,33.90557939914164
Millet,Gulu,KG,2016-11,1,2500.0,1867.0,633.0,33.9046598821639
Milk (fresh),Bidibidi (refugee settlement),L,2025-01,1,2350.0,1755.0,595.0,33.903133903133906
Leafy vegetables,Kyaka II (refugee settlement),KG,2021-03,1,1339.0,1000.0,339.0,33.900000000000006
Cassava flour,Iganga,KG,2011-04,1,850.0,635.0,215.0,33.85826771653544
Cassava (fresh),Adjumani (refugee settlement),KG,2022-05,1,538.0,402.0,136.0,33.83084577114428
Cassava (fresh),Rhino Camp (refugee settlement),KG,2025-05,1,451.0,337.0,114.0,33.82789317507419
Pen,Adjumani (refugee settlement),Unit,2023-03,1,669.0,500.0,169.0,33.800000000000004
Oil (vegetable),Jinja,L,2026-01,1,10000.0,7475.0,2525.0,33.77926421404682
Firewood,Bidibidi (refugee settlement),KG,2022-10,1,301.0,225.0,76.0,33.77777777777778
Leafy vegetables,Nakivale (refugee settlement),KG,2022-11,1,1351.0,1010.0,341.0,33.76237623762376
Sorghum,Jinja,KG,2013-09,1,535.0,400.0,135.0,33.75
Maize (white),Napak,KG,2022-12,1,2340.0,1750.0,590.0,33.714285714285715
Leafy vegetables,Adjumani (refugee settlement),KG,2023-05,1,1960.0,1466.0,494.0,33.69713506139154
Firewood,Bidibidi (refugee settlement),KG,2025-08,1,373.0,279.0,94.0,33.691756272401435
Cassava (fresh),Kyaka II (refugee settlement),KG,2026-04,1,667.0,499.0,168.0,33.66733466933868
Sorghum,Namalu,KG,2024-12,1,1100.0,823.0,277.0,33.65735115431349
Maize (white),Kyangwali (refugee settlement),KG,2024-04,1,850.0,636.0,214.0,33.64779874213836
Fish (dry),Nakivale (refugee settlement),KG,2025-05,1,23054.0,17262.0,5792.0,33.55347004982042
Charcoal,Imvepi (refugee settlement),KG,2023-02,1,742.0,556.0,186.0,33.45323741007194
Maize flour,Imvepi (refugee settlement),KG,2025-07,1,3304.0,2476.0,828.0,33.44103392568659
Millet,Jinja,KG,2012-05,1,1829.0,1371.0,458.0,33.40627279358132
Mug (plastic),Kyangwali (refugee settlement),Unit,2025-12,1,667.0,500.0,167.0,33.4
Sorghum,Namalu,KG,2020-06,1,950.0,712.17,237.83000000000004,33.395116334583044
Jerrycan (5L),Palorinya (refugee settlement),Unit,2022-09,1,2667.0,2000.0,667.0,33.35
Millet,Owino,KG,2015-05,1,2667.0,2000.0,667.0,33.35
Millet flour,Kiryandongo (refugee settlement),KG,2022-05,1,4667.0,3500.0,1167.0,33.34285714285714
Jerrycan (20L),Nakivale (refugee settlement),Unit,2023-03,1,6667.0,5000.0,1667.0,33.339999999999996
Fish (dry),Imvepi (refugee settlement),KG,2023-08,1,16667.0,12500.0,4167.0,33.336
Fish (dry),Kiryandongo (refugee settlement),KG,2023-01,1,26667.0,20000.0,6667.0,33.335
Fish (dry),Kiryandongo (refugee settlement),KG,2024-09,1,31111.0,23333.0,7778.0,33.33476192517036
Exercise Book (48 pages),Kyangwali (refugee settlement),Unit,2022-03,1,466.67,350.0,116.67000000000002,33.33428571428571
Jerrycan (5L),Kyangwali (refugee settlement),Unit,2022-03,1,2666.67,2000.0,666.6700000000001,33.33350000000001
Maize flour,Lira,KG,2019-10,1,2666.67,2000.0,666.6700000000001,33.33350000000001
Oil (vegetable),Makaratin,L,2020-05,1,6666.67,5000.0,1666.67,33.333400000000005
Batteries,Imvepi (refugee settlement),Pair,2022-03,1,2000.0,1500.0,500.0,33.33333333333333
Batteries,Lobule (refugee settlement),Pair,2023-12,1,2000.0,1500.0,500.0,33.33333333333333
Batteries,Nakivale (refugee settlement),Pair,2022-03,1,1800.0,1350.0,450.0,33.33333333333333
Batteries,Palorinya (refugee settlement),Pair,2023-03,1,2000.0,1500.0,500.0,33.33333333333333
Batteries,Rhino Camp (refugee settlement),Pair,2022-09,1,2000.0,1500.0,500.0,33.33333333333333
Beans,Kaabong,KG,2022-06,1,4000.0,3000.0,1000.0,33.33333333333333
Beans,Karenga,KG,2022-12,1,4000.0,3000.0,1000.0,33.33333333333333
Beans,Karenga,KG,2023-03,1,4000.0,3000.0,1000.0,33.33333333333333
Beans,Kiryandongo (refugee settlement),KG,2023-05,1,5500.0,4125.0,1375.0,33.33333333333333
Beans,Moroto,KG,2024-01,1,4000.0,3000.0,1000.0,33.33333333333333
Beans,Nabilatuk,KG,2024-10,1,3600.0,2700.0,900.0,33.33333333333333
Cassava (fresh),Bidibidi (refugee settlement),KG,2024-05,1,820.0,615.0,205.0,33.33333333333333
Cassava flour,Gulu,KG,2019-06,1,3000.0,2250.0,750.0,33.33333333333333
Cassava flour,Gulu,KG,2019-07,1,4000.0,3000.0,1000.0,33.33333333333333
Cassava flour,Gulu,KG,2023-05,1,4000.0,3000.0,1000.0,33.33333333333333
Cassava flour,Jinja,KG,2022-02,1,1200.0,900.0,300.0,33.33333333333333
Cassava flour,Jinja,KG,2022-04,1,1600.0,1200.0,400.0,33.33333333333333
Cassava flour,Kaabong,KG,2023-05,1,3000.0,2250.0,750.0,33.33333333333333
Cassava flour,Kapchorwa,KG,2017-05,1,2000.0,1500.0,500.0,33.33333333333333
Cassava flour,Kasese,KG,2022-05,1,1600.0,1200.0,400.0,33.33333333333333
Cassava flour,Lira,KG,2017-12,1,2000.0,1500.0,500.0,33.33333333333333
Cassava flour,Makaratin,KG,2019-09,1,2000.0,1500.0,500.0,33.33333333333333
Cassava flour,Masindi,KG,2024-01,1,4000.0,3000.0,1000.0,33.33333333333333
Cassava flour,Owino,KG,2022-04,1,2000.0,1500.0,500.0,33.33333333333333
Charcoal,Rhino Camp (refugee settlement),KG,2023-02,1,500.0,375.0,125.0,33.33333333333333
Exercise Book (48 pages),Bidibidi (refugee settlement),Unit,2024-03,1,1500.0,1125.0,375.0,33.33333333333333
Fish (dry),Kiryandongo (refugee settlement),KG,2024-12,1,40000.0,30000.0,10000.0,33.33333333333333
Jerrycan (5L),Imvepi (refugee settlement),Unit,2022-06,1,3000.0,2250.0,750.0,33.33333333333333
Jerrycan (5L),Kyangwali (refugee settlement),Unit,2025-03,1,4000.0,3000.0,1000.0,33.33333333333333
Jerrycan (5L),Lobule (refugee settlement),Unit,2023-12,1,4000.0,3000.0,1000.0,33.33333333333333
Laundry soap,Bidibidi (refugee settlement),KG,2022-12,1,8000.0,6000.0,2000.0,33.33333333333333
Laundry soap,Kiryandongo (refugee settlement),KG,2025-03,1,4000.0,3000.0,1000.0,33.33333333333333
Laundry soap,Kyaka II (refugee settlement),KG,2025-10,1,4000.0,3000.0,1000.0,33.33333333333333
Laundry soap,Kyangwali (refugee settlement),KG,2022-11,1,8000.0,6000.0,2000.0,33.33333333333333
Maize,Lira,KG,2010-11,1,400.0,300.0,100.0,33.33333333333333
Maize,Lira,KG,2011-02,1,600.0,450.0,150.0,33.33333333333333
Maize (white),Adjumani (refugee settlement),KG,2026-06,1,2000.0,1500.0,500.0,33.33333333333333
Maize (white),Gulu,KG,2022-08,1,2000.0,1500.0,500.0,33.33333333333333
Maize (white),Lobule (refugee settlement),KG,2023-04,1,2000.0,1500.0,500.0,33.33333333333333
Maize (white),Masindi,KG,2022-12,1,2000.0,1500.0,500.0,33.33333333333333
Maize (white),Mbale,KG,2021-05,1,800.0,600.0,200.0,33.33333333333333
Maize flour,Gulu,KG,2025-05,1,3000.0,2250.0,750.0,33.33333333333333
Maize flour,Iganga,KG,2011-07,1,2000.0,1500.0,500.0,33.33333333333333
Maize flour,Iganga,KG,2019-02,1,1700.0,1275.0,425.0,33.33333333333333
Maize flour,Iganga,KG,2021-06,1,1600.0,1200.0,400.0,33.33333333333333
Maize flour,Kapchorwa,KG,2010-11,1,800.0,600.0,200.0,33.33333333333333
Maize flour,Lobule (refugee settlement),KG,2022-03,1,3000.0,2250.0,750.0,33.33333333333333
Maize flour,Makaratin,KG,2019-04,1,2000.0,1500.0,500.0,33.33333333333333
Maize flour,Owino,KG,2021-04,1,2000.0,1500.0,500.0,33.33333333333333
Milk (fresh),Imvepi (refugee settlement),L,2026-04,1,2000.0,1500.0,500.0,33.33333333333333
Milk (fresh),Kiryandongo (refugee settlement),L,2023-02,1,1600.0,1200.0,400.0,33.33333333333333
Milk (fresh),Lobule (refugee settlement),L,2023-02,1,2000.0,1500.0,500.0,33.33333333333333
Milk (fresh),Lobule (refugee settlement),L,2023-04,1,2000.0,1500.0,500.0,33.33333333333333
Milk (fresh),Lobule (refugee settlement),L,2024-04,1,2000.0,1500.0,500.0,33.33333333333333
Milk (fresh),Oruchinga (refugee settlement),L,2024-01,1,1600.0,1200.0,400.0,33.33333333333333
Milk (fresh),Palorinya (refugee settlement),L,2021-01,1,2000.0,1500.0,500.0,33.33333333333333
Milk (fresh),Rhino Camp (refugee settlement),L,2021-12,1,2000.0,1500.0,500.0,33.33333333333333
Milk (fresh),Rwamwanja (refugee settlement),L,2026-04,1,2000.0,1500.0,500.0,33.33333333333333
Millet,Fort Portal,KG,2023-06,1,4000.0,3000.0,1000.0,33.33333333333333
Millet,Gulu,KG,2016-07,1,2000.0,1500.0,500.0,33.33333333333333
Millet,Gulu,KG,2017-11,1,4000.0,3000.0,1000.0,33.33333333333333
Millet,Gulu,KG,2019-02,1,2000.0,1500.0,500.0,33.33333333333333
Millet,Gulu,KG,2021-04,1,2000.0,1500.0,500.0,33.33333333333333
Millet,Hoima,KG,2022-04,1,5000.0,3750.0,1250.0,33.33333333333333
Millet,Kaabong,KG,2020-04,1,2000.0,1500.0,500.0,33.33333333333333
Millet,Karita,KG,2020-04,1,2000.0,1500.0,500.0,33.33333333333333
Millet,Kasese,KG,2024-01,1,4000.0,3000.0,1000.0,33.33333333333333
Millet,Mbarara,KG,2021-04,1,2000.0,1500.0,500.0,33.33333333333333
Millet,Mbarara,KG,2023-06,1,4000.0,3000.0,1000.0,33.33333333333333
Millet,Mbarara,KG,2024-01,1,4000.0,3000.0,1000.0,33.33333333333333
Millet,Owino,KG,2022-02,1,4000.0,3000.0,1000.0,33.33333333333333
Millet flour,Kyangwali (refugee settlement),KG,2026-05,1,4000.0,3000.0,1000.0,33.33333333333333
Millet flour,Oruchinga (refugee settlement),KG,2022-05,1,4000.0,3000.0,1000.0,33.33333333333333
Millet flour,Palabek (refugee settlement),KG,2022-05,1,4000.0,3000.0,1000.0,33.33333333333333
Millet flour,Rhino Camp (refugee settlement),KG,2022-09,1,4000.0,3000.0,1000.0,33.33333333333333
Mug (plastic),Bidibidi (refugee settlement),Unit,2023-09,1,1000.0,750.0,250.0,33.33333333333333
Mug (plastic),Palabek (refugee settlement),Unit,2023-03,1,1000.0,750.0,250.0,33.33333333333333
Mug (plastic),Rwamwanja (refugee settlement),Unit,2022-03,1,1000.0,750.0,250.0,33.33333333333333
Oil (vegetable),Arua,L,2022-03,1,8000.0,6000.0,2000.0,33.33333333333333
Oil (vegetable),Soroti,L,2022-08,1,10000.0,7500.0,2500.0,33.33333333333333
Pencil,Imvepi (refugee settlement),Unit,2026-06,1,200.0,150.0,50.0,33.33333333333333
Pencil,Palabek (refugee settlement),Unit,2022-09,1,300.0,225.0,75.0,33.33333333333333
Pencil,Rhino Camp (refugee settlement),Unit,2023-12,1,200.0,150.0,50.0,33.33333333333333
Pole,Kiryandongo (refugee settlement),Unit,2026-03,1,8000.0,6000.0,2000.0,33.33333333333333
Rope,Kiryandongo (refugee settlement),Unit,2022-09,1,2000.0,1500.0,500.0,33.33333333333333
Rope,Palorinya (refugee settlement),Unit,2021-09,1,400.0,300.0,100.0,33.33333333333333
Salt,Bidibidi (refugee settlement),KG,2024-05,1,2000.0,1500.0,500.0,33.33333333333333
Sanitary pads,Adjumani (refugee settlement),Packet,2023-05,1,3000.0,2250.0,750.0,33.33333333333333
Sanitary pads,Bidibidi (refugee settlement),Packet,2025-05,1,2000.0,1500.0,500.0,33.33333333333333
Sanitary pads,Lobule (refugee settlement),Packet,2022-03,1,2000.0,1500.0,500.0,33.33333333333333
Serving spoon,Adjumani (refugee settlement),Unit,2022-09,1,2000.0,1500.0,500.0,33.33333333333333
Serving spoon,Kiryandongo (refugee settlement),Unit,2023-12,1,2000.0,1500.0,500.0,33.33333333333333
Serving spoon,Lobule (refugee settlement),Unit,2023-12,1,2000.0,1500.0,500.0,33.33333333333333
Serving spoon,Rhino Camp (refugee settlement),Unit,2023-09,1,2000.0,1500.0,500.0,33.33333333333333
Sorghum,Arua,KG,2022-06,1,2000.0,1500.0,500.0,33.33333333333333
Sorghum,Gulu,KG,2017-05,1,1600.0,1200.0,400.0,33.33333333333333
Sorghum,Hoima,KG,2024-03,1,2000.0,1500.0,500.0,33.33333333333333
Sorghum,Hoima,KG,2024-08,1,2000.0,1500.0,500.0,33.33333333333333
Sorghum,Kapchorwa,KG,2021-06,1,1600.0,1200.0,400.0,33.33333333333333
Sorghum,Lira,KG,2015-04,1,800.0,600.0,200.0,33.33333333333333
Sorghum,Lira,KG,2022-12,1,2000.0,1500.0,500.0,33.33333333333333
Sorghum,Lobule (refugee settlement),KG,2021-09,1,2000.0,1500.0,500.0,33.33333333333333
Sorghum,Makaratin,KG,2025-05,1,1600.0,1200.0,400.0,33.33333333333333
Sorghum,Masindi,KG,2021-09,1,1600.0,1200.0,400.0,33.33333333333333
Sorghum,Mbarara,KG,2011-05,1,2000.0,1500.0,500.0,33.33333333333333
Sorghum,Palabek (refugee settlement),KG,2022-06,1,1600.0,1200.0,400.0,33.33333333333333
Sorghum,Wakiso,KG,2024-11,1,2000.0,1500.0,500.0,33.33333333333333
Underwear,Bidibidi (refugee settlement),Unit,2023-06,1,2000.0,1500.0,500.0,33.33333333333333
Underwear,Bidibidi (refugee settlement),Unit,2024-07,1,2000.0,1500.0,500.0,33.33333333333333
Underwear,Kyangwali (refugee settlement),Unit,2025-10,1,4000.0,3000.0,1000.0,33.33333333333333
Underwear,Oruchinga (refugee settlement),Unit,2022-10,1,4000.0,3000.0,1000.0,33.33333333333333
Underwear,Oruchinga (refugee settlement),Unit,2024-01,1,4000.0,3000.0,1000.0,33.33333333333333
Wooden mingle,Kyangwali (refugee settlement),Unit,2025-06,1,2000.0,1500.0,500.0,33.33333333333333
Wooden mingle,Nakivale (refugee settlement),Unit,2023-12,1,1000.0,750.0,250.0,33.33333333333333
Wooden mingle,Nakivale (refugee settlement),Unit,2024-06,1,1000.0,750.0,250.0,33.33333333333333
Wooden mingle,Oruchinga (refugee settlement),Unit,2022-09,1,2000.0,1500.0,500.0,33.33333333333333
Millet,Lira,KG,2011-05,1,1133.33,850.0,283.3299999999999,33.332941176470584
Fish (dry),Nakivale (refugee settlement),KG,2021-12,1,13333.0,10000.0,3333.0,33.33
Fish (dry),Rhino Camp (refugee settlement),KG,2023-02,1,22222.0,16667.0,5555.0,33.32933341333174
Batteries,Kyaka II (refugee settlement),Pair,2024-12,1,3333.0,2500.0,833.0,33.32
Leafy vegetables,Palorinya (refugee settlement),KG,2023-11,1,3333.0,2500.0,833.0,33.32
Serving spoon,Kyangwali (refugee settlement),Unit,2023-12,1,2333.0,1750.0,583.0,33.31428571428571
Sorghum,Iganga,KG,2025-05,1,2133.0,1600.0,533.0,33.3125
Batteries,Nakivale (refugee settlement),Pair,2023-03,1,1333.0,1000.0,333.0,33.300000000000004
Maize (white),Lira,KG,2011-07,1,1333.0,1000.0,333.0,33.300000000000004
Maize (white),Oruchinga (refugee settlement),KG,2025-03,1,1333.0,1000.0,333.0,33.300000000000004
Mug (plastic),Palabek (refugee settlement),Unit,2024-12,1,1333.0,1000.0,333.0,33.300000000000004
Plate (plastic),Rhino Camp (refugee settlement),Unit,2022-09,1,1333.0,1000.0,333.0,33.300000000000004
Sorghum,Adjumani (refugee settlement),KG,2022-01,1,1333.0,1000.0,333.0,33.300000000000004
Sorghum,Imvepi (refugee settlement),KG,2022-03,1,1333.0,1000.0,333.0,33.300000000000004
Torch,Adjumani (refugee settlement),Unit,2026-06,1,1333.0,1000.0,333.0,33.300000000000004
Wooden mingle,Palabek (refugee settlement),Unit,2024-09,1,1333.0,1000.0,333.0,33.300000000000004
Maize (white),Rwamwanja (refugee settlement),KG,2025-03,1,1125.0,844.0,281.0,33.29383886255924
Maize (white),Kapchorwa,KG,2015-04,1,933.0,700.0,233.0,33.285714285714285
Cassava (fresh),Rwamwanja (refugee settlement),KG,2022-06,1,606.0,455.0,151.0,33.18681318681318
Panga,Adjumani (refugee settlement),Unit,2023-09,1,9750.0,7321.0,2429.0,33.17852752356236
Laundry soap,Oruchinga (refugee settlement),KG,2025-01,1,3994.0,3000.0,994.0,33.13333333333333
Underwear,Adjumani (refugee settlement),Unit,2025-01,1,3500.0,2629.0,871.0,33.13046785850133
Beans,Kyangwali (refugee settlement),KG,2025-01,1,4417.0,3318.0,1099.0,33.12236286919831
Beans,Bidibidi (refugee settlement),KG,2023-08,1,4975.0,3738.0,1237.0,33.09256286784377
Plantains,Owino,KG,2012-03,2,698.5,525.0,173.5,33.04761904761905
Maize,Lira,KG,2020-04,1,1150.65,864.93,285.72000000000014,33.03388713537513
Leafy vegetables,Adjumani (refugee settlement),KG,2025-05,1,1901.0,1429.0,472.0,33.03009097270819
Maize,Owino,KG,2018-11,2,744.6949999999999,559.845,184.8499999999999,33.018067500826106
Leafy vegetables,Kyaka II (refugee settlement),KG,2024-06,1,1270.0,955.0,315.0,32.98429319371728
Cassava flour,Karenga,KG,2025-09,1,1571.0,1182.0,389.0,32.910321489001696
Cassava (fresh),Palabek (refugee settlement),KG,2025-08,1,566.0,426.0,140.0,32.863849765258216
Cassava flour,Hoima,KG,2022-04,1,1500.0,1129.0,371.0,32.86093888396812
Maize (white),Jinja,KG,2014-04,1,930.0,700.0,230.0,32.857142857142854
Maize (white),Kyangwali (refugee settlement),KG,2021-09,1,930.0,700.0,230.0,32.857142857142854
Maize (white),Rwamwanja (refugee settlement),KG,2025-12,1,1828.0,1376.0,452.0,32.848837209302324
Maize (white),Rhino Camp (refugee settlement),KG,2022-04,1,1550.0,1167.0,383.0,32.819194515852615
Maize flour,Palorinya (refugee settlement),KG,2022-05,1,2833.0,2133.0,700.0,32.81762775433661
Maize,Busia,KG,2011-11,1,746.65,562.18,184.47000000000003,32.81333380767727
Pole,Bidibidi (refugee settlement),Unit,2023-03,1,5750.0,4333.0,1417.0,32.70251557812139
Charcoal,Kiryandongo (refugee settlement),KG,2026-06,1,2050.0,1545.0,505.0,32.68608414239482
Cassava flour,Kasese,KG,2022-03,1,1360.0,1025.0,335.0,32.6829268292683
Sorghum,Jinja,KG,2011-10,1,796.0,600.0,196.0,32.666666666666664
Maize flour,Jinja,KG,2012-05,1,2133.0,1608.0,525.0,32.649253731343286
Maize (white),Busia,KG,2025-04,1,1500.0,1131.0,369.0,32.62599469496021
Cassava (fresh),Oruchinga (refugee settlement),KG,2023-11,1,870.0,656.0,214.0,32.6219512195122
Maize flour,Gulu,KG,2025-02,1,2671.0,2014.0,657.0,32.62164846077458
Cassava (fresh),Kyaka II (refugee settlement),KG,2023-11,1,679.0,512.0,167.0,32.6171875
Leafy vegetables,Kiryandongo (refugee settlement),KG,2026-05,1,3241.0,2444.0,797.0,32.61047463175123
Beans,Nakivale (refugee settlement),KG,2021-06,1,1900.0,1433.0,467.0,32.588974180041866
Pole,Nakivale (refugee settlement),Unit,2026-03,1,8028.0,6056.0,1972.0,32.562747688243064
Fish (dry),Adjumani (refugee settlement),KG,2022-04,1,19494.0,14706.0,4788.0,32.55813953488372
Plantains,Owino,KG,2014-08,2,881.25,665.0,216.25,32.5187969924812
Charcoal,Oruchinga (refugee settlement),KG,2026-06,1,1667.0,1258.0,409.0,32.511923688394276
Millet,Makaratin,KG,2025-01,1,2650.0,2000.0,650.0,32.5
Sorghum,Kaabong,KG,2024-12,1,1325.0,1000.0,325.0,32.5
Beans,Kaabong,KG,2023-04,1,5167.0,3900.0,1267.0,32.48717948717948
Millet flour,Kyangwali (refugee settlement),KG,2022-03,1,4967.0,3750.0,1217.0,32.45333333333333
Maize (white),Masaka,KG,2025-05,1,1600.0,1208.0,392.0,32.450331125827816
Millet,Kapchorwa,KG,2017-05,1,3400.0,2567.0,833.0,32.450331125827816
Beans,Owino,KG,2022-02,2,2101.32,1587.0149999999999,514.3050000000003,32.40706609578361
Maize,Busia,KG,2019-04,1,1145.77,865.57,280.19999999999993,32.371731922317075
Millet,Makaratin,KG,2021-07,1,2250.0,1700.0,550.0,32.35294117647059
Fish (dry),Nakivale (refugee settlement),KG,2024-12,1,25000.0,18889.0,6111.0,32.352162634337446
Plantains,Owino,KG,2011-08,2,645.0,487.5,157.5,32.30769230769231
Charcoal,Palabek (refugee settlement),KG,2022-06,1,882.0,666.67,215.33000000000004,32.29933850330749
Maize (white),Mbarara,KG,2016-02,1,750.0,567.0,183.0,32.27513227513227
Mug (plastic),Rhino Camp (refugee settlement),Unit,2023-12,1,1025.0,775.0,250.0,32.25806451612903
Cassava (fresh),Rwamwanja (refugee settlement),KG,2022-12,1,882.0,667.0,215.0,32.23388305847077
Maize (white),Lobule (refugee settlement),KG,2024-10,1,1198.0,906.0,292.0,32.22958057395143
Firewood,Palabek (refugee settlement),KG,2023-06,1,567.0,429.0,138.0,32.16783216783217
Maize flour,Palorinya (refugee settlement),KG,2021-03,1,2067.0,1564.0,503.0,32.1611253196931
Fish (dry),Palabek (refugee settlement),KG,2024-03,1,30833.0,23333.0,7500.0,32.143316333090475
Cassava flour,Lira,KG,2011-05,2,1110.0,840.0,270.0,32.142857142857146
Beans,Nakivale (refugee settlement),KG,2021-01,1,1750.0,1325.0,425.0,32.075471698113205
Sorghum,Kaabong,KG,2020-06,1,1100.0,833.0,267.0,32.052821128451384
Sorghum,Iganga,KG,2011-05,1,858.33,650.0,208.33000000000004,32.05076923076924
Fish (dry),Bidibidi (refugee settlement),KG,2026-05,1,19540.0,14799.0,4741.0,32.0359483748902
Beans,Rhino Camp (refugee settlement),KG,2023-06,1,4400.0,3333.0,1067.0,32.01320132013201
Maize flour,Wakiso,KG,2022-07,1,3333.33,2525.0,808.3299999999999,32.01306930693069
Laundry soap,Rhino Camp (refugee settlement),KG,2024-02,1,4125.0,3125.0,1000.0,32.0
Pen,Palabek (refugee settlement),Unit,2022-06,1,660.0,500.0,160.0,32.0
Rope,Lobule (refugee settlement),Unit,2024-09,1,1650.0,1250.0,400.0,32.0
Maize (white),Mbarara,KG,2011-09,1,1700.0,1288.0,412.0,31.987577639751553
Beans,Makaratin,KG,2023-04,1,4650.0,3524.0,1126.0,31.95232690124858
Fish (dry),Imvepi (refugee settlement),KG,2023-02,1,13194.0,10000.0,3194.0,31.94
Underwear,Nakivale (refugee settlement),Unit,2025-02,1,3000.0,2274.0,726.0,31.926121372031663
Pencil,Rhino Camp (refugee settlement),Unit,2025-03,1,215.0,163.0,52.0,31.901840490797547
Cassava flour,Lira,KG,2024-05,1,3000.0,2275.0,725.0,31.868131868131865
Leafy vegetables,Oruchinga (refugee settlement),KG,2022-04,1,1465.0,1111.0,354.0,31.863186318631865
Laundry soap,Adjumani (refugee settlement),KG,2022-06,1,7000.0,5309.52,1690.4799999999996,31.838659615181776
Maize (white),Kyangwali (refugee settlement),KG,2023-02,1,1450.0,1100.0,350.0,31.818181818181817
Sorghum,Moroto,KG,2023-10,1,1450.0,1100.0,350.0,31.818181818181817
Cassava flour,Mbarara,KG,2011-09,1,1500.0,1138.0,362.0,31.810193321616868
Firewood,Kyaka II (refugee settlement),KG,2025-07,1,288.0,218.5,69.5,31.80778032036613
Torch,Imvepi (refugee settlement),Unit,2025-12,1,879.0,667.0,212.0,31.784107946026985
Leafy vegetables,Kyaka II (refugee settlement),KG,2022-03,1,1883.0,1429.0,454.0,31.7704688593422
Laundry soap,Lobule (refugee settlement),KG,2025-12,1,3953.0,3000.0,953.0,31.766666666666666
Cassava (fresh),Nakivale (refugee settlement),KG,2021-09,1,1000.0,759.0,241.0,31.752305665349144
Beans,Jinja,KG,2012-04,1,2075.0,1575.0,500.0,31.746031746031743
Salt,Kyangwali (refugee settlement),KG,2026-03,1,2384.0,1810.0,574.0,31.712707182320443
Cassava (fresh),Nakivale (refugee settlement),KG,2024-10,1,893.0,678.0,215.0,31.710914454277283
Serving spoon,Adjumani (refugee settlement),Unit,2025-12,1,1317.0,1000.0,317.0,31.7
Fish (dry),Adjumani (refugee settlement),KG,2025-12,1,23516.0,17857.0,5659.0,31.690653525228203
Maize (white),Palorinya (refugee settlement),KG,2024-11,1,1800.0,1367.0,433.0,31.675201170446233
Leafy vegetables,Kyangwali (refugee settlement),KG,2021-04,1,1667.0,1266.0,401.0,31.67456556082148
Sorghum,Gulu,KG,2023-03,1,1975.0,1500.0,475.0,31.666666666666664
Plantains,Owino,KG,2015-04,2,1075.0,816.67,258.33000000000004,31.632115787282505
Charcoal,Lobule (refugee settlement),KG,2025-05,1,849.0,645.0,204.0,31.627906976744185
Cassava flour,Hoima,KG,2022-12,1,2500.0,1900.0,600.0,31.57894736842105
Exercise Book (48 pages),Rhino Camp (refugee settlement),Unit,2023-12,1,625.0,475.0,150.0,31.57894736842105
Maize (white),Jinja,KG,2011-06,1,1000.0,760.0,240.0,31.57894736842105
Maize (white),Mbale,KG,2022-03,1,1250.0,950.0,300.0,31.57894736842105
Maize flour,Tororo,KG,2022-04,1,2500.0,1900.0,600.0,31.57894736842105
Firewood,Rwamwanja (refugee settlement),KG,2025-08,1,267.0,203.0,64.0,31.527093596059114
Underwear,Palorinya (refugee settlement),Unit,2024-08,1,2630.0,2000.0,630.0,31.5
Beans,Rhino Camp (refugee settlement),KG,2025-11,1,4000.0,3042.0,958.0,31.49243918474688
Firewood,Palorinya (refugee settlement),KG,2022-09,1,760.0,578.0,182.0,31.4878892733564
Beans,Lira,KG,2021-01,1,3000.0,2281.69,718.31,31.481489597622815
Plantains,Owino,KG,2017-04,2,1331.25,1012.5,318.75,31.48148148148148
Sorghum,Fort Portal,KG,2025-04,1,4000.0,3043.0,957.0,31.44922773578705
Maize (white),Karenga,KG,2023-06,1,1643.0,1250.0,393.0,31.44
Millet,Hoima,KG,2025-05,1,4600.0,3500.0,1100.0,31.428571428571427
Salt,Nakivale (refugee settlement),KG,2022-04,1,1840.0,1400.0,440.0,31.428571428571427
Sorghum,Owino,KG,2021-04,1,2300.0,1750.0,550.0,31.428571428571427
Maize (white),Kaabong,KG,2020-12,1,996.0,758.0,238.0,31.398416886543533
Sorghum,Moroto,KG,2022-10,1,2200.0,1675.0,525.0,31.343283582089555
Cassava flour,Tororo,KG,2022-05,1,2167.0,1650.0,517.0,31.333333333333336
Charcoal,Lobule (refugee settlement),KG,2023-06,1,625.0,476.0,149.0,31.30252100840336
Firewood,Nakivale (refugee settlement),KG,2025-04,1,323.0,246.0,77.0,31.300813008130078
Fish (dry),Palorinya (refugee settlement),KG,2026-06,1,29167.0,22222.0,6945.0,31.25281252812528
Maize (white),Mbale,KG,2024-01,1,1575.0,1200.0,375.0,31.25
Sorghum,Napak,KG,2023-04,1,1575.0,1200.0,375.0,31.25
Underwear,Palabek (refugee settlement),Unit,2022-03,1,2625.0,2000.0,625.0,31.25
Beans,Nakivale (refugee settlement),KG,2022-09,1,3500.0,2666.67,833.3299999999999,31.249835937705072
Hoe,Kyaka II (refugee settlement),Unit,2025-03,1,14000.0,10667.0,3333.0,31.245898565669822
Sanitary pads,Kyangwali (refugee settlement),Packet,2023-12,1,3500.0,2667.0,833.0,31.23359580052493
Beans,Bidibidi (refugee settlement),KG,2022-06,1,3575.0,2725.0,850.0,31.19266055045872
Oil (vegetable),Karita,L,2021-11,1,7871.0,6000.0,1871.0,31.183333333333334
Cassava (fresh),Palabek (refugee settlement),KG,2022-03,1,690.0,526.0,164.0,31.1787072243346
Maize (white),Lobule (refugee settlement),KG,2021-12,1,1344.0,1025.0,319.0,31.121951219512194
Beans,Nabilatuk,KG,2024-12,1,3950.0,3013.0,937.0,31.09857285097909
Firewood,Oruchinga (refugee settlement),KG,2023-01,1,430.0,328.0,102.0,31.097560975609756
Sorghum,Mbale,KG,2020-11,1,1966.0,1500.0,466.0,31.066666666666663
Plantains,Owino,KG,2015-09,2,1245.0,950.0,295.0,31.05263157894737
Maize (white),Kyangwali (refugee settlement),KG,2023-03,1,1900.0,1450.0,450.0,31.03448275862069
Maize (white),Mbale,KG,2019-02,1,950.0,725.0,225.0,31.03448275862069
Firewood,Rhino Camp (refugee settlement),KG,2024-01,1,169.0,129.0,40.0,31.007751937984494
Plantains,Lira,KG,2011-05,2,930.0,710.0,220.0,30.985915492957744
Maize (white),Lobule (refugee settlement),KG,2025-05,1,2000.0,1527.0,473.0,30.97576948264571
Laundry soap,Rwamwanja (refugee settlement),KG,2025-06,1,5500.0,4200.0,1300.0,30.952380952380953
Maize (white),Iganga,KG,2024-10,1,1375.0,1050.0,325.0,30.952380952380953
Exercise Book (48 pages),Kyangwali (refugee settlement),Unit,2023-06,1,567.0,433.0,134.0,30.94688221709007
Leafy vegetables,Palorinya (refugee settlement),KG,2021-12,1,1727.0,1319.0,408.0,30.932524639878693
Maize flour,Kiryandongo (refugee settlement),KG,2024-11,1,2422.0,1850.0,572.0,30.91891891891892
Cassava (fresh),Palabek (refugee settlement),KG,2025-09,1,741.0,566.0,175.0,30.918727915194346
Panga,Lobule (refugee settlement),Unit,2026-06,1,9600.0,7333.0,2267.0,30.915041592799675
Sorghum,Bidibidi (refugee settlement),KG,2024-02,1,1800.0,1375.0,425.0,30.909090909090907
Exercise Book (48 pages),Kyangwali (refugee settlement),Unit,2021-09,1,480.0,366.67,113.32999999999998,30.90790083726511
Maize (white),Kiboga,KG,2014-04,1,725.0,554.0,171.0,30.866425992779785
Maize,Lira,KG,2010-01,1,700.0,535.02,164.98000000000002,30.836230421292665
Cassava (fresh),Palorinya (refugee settlement),KG,2024-03,1,527.0,403.0,124.0,30.76923076923077
Millet,Masindi,KG,2025-04,1,4250.0,3250.0,1000.0,30.76923076923077
Pole,Nakivale (refugee settlement),Unit,2023-12,1,8500.0,6500.0,2000.0,30.76923076923077
Sorghum,Gulu,KG,2013-05,1,827.7,633.0,194.70000000000005,30.758293838862567
Cassava flour,Jinja,KG,2012-08,1,455.0,348.0,107.0,30.747126436781606
Jerrycan (5L),Kyaka II (refugee settlement),Unit,2023-12,1,2833.0,2167.0,666.0,30.733733271804336
Maize (white),Kaabong,KG,2023-03,1,2287.5,1750.0,537.5,30.714285714285715
Firewood,Rwamwanja (refugee settlement),KG,2023-04,1,315.0,241.0,74.0,30.70539419087137
Plantains,Lira,KG,2015-04,2,1235.0,945.0,290.0,30.687830687830687
Beans,Fort Portal,KG,2023-04,1,5750.0,4400.0,1350.0,30.681818181818183
Laundry soap,Nakivale (refugee settlement),KG,2022-09,1,5750.0,4400.0,1350.0,30.681818181818183
Plantains,Owino,KG,2015-03,2,816.67,625.0,191.66999999999996,30.667199999999994
Sorghum,Gulu,KG,2022-08,1,1960.0,1500.0,460.0,30.666666666666664
Maize flour,Busia,KG,2022-04,1,2417.0,1850.0,567.0,30.648648648648646
Cassava flour,Iganga,KG,2017-07,1,2025.0,1550.0,475.0,30.64516129032258
Panga,Kiryandongo (refugee settlement),Unit,2024-12,1,9667.0,7400.0,2267.0,30.635135135135133
Leafy vegetables,Nakivale (refugee settlement),KG,2024-11,1,1548.0,1185.0,363.0,30.632911392405067
Jerrycan (20L),Rhino Camp (refugee settlement),Unit,2026-06,1,8000.0,6125.0,1875.0,30.612244897959183
Cassava (fresh),Rwamwanja (refugee settlement),KG,2025-04,1,606.0,464.0,142.0,30.603448275862068
Cassava (fresh),Palorinya (refugee settlement),KG,2025-06,1,683.0,523.0,160.0,30.592734225621417
Beans,Mukono,KG,2023-04,1,5167.0,3957.0,1210.0,30.578721253474857
Basin,Kyaka II (refugee settlement),Unit,2024-12,1,6833.0,5233.0,1600.0,30.57519587234856
Sorghum,Makaratin,KG,2021-05,1,709.0,543.0,166.0,30.570902394106813
Pole,Rwamwanja (refugee settlement),Unit,2025-12,1,10444.0,8000.0,2444.0,30.55
Beans,Kyaka II (refugee settlement),KG,2023-01,1,3017.0,2311.0,706.0,30.549545651233235
Beans,Gulu,KG,2015-10,1,3133.0,2400.0,733.0,30.541666666666668
Fish (dry),Lobule (refugee settlement),KG,2026-05,1,23056.0,17664.0,5392.0,30.525362318840582
Maize (white),Karenga,KG,2022-11,1,1250.0,958.0,292.0,30.48016701461378
Sorghum,Tororo,KG,2022-09,1,2000.0,1533.0,467.0,30.4631441617743
Sorghum,Kotido,KG,2019-01,1,908.0,696.0,212.0,30.45977011494253
Maize (white),Kyangwali (refugee settlement),KG,2025-09,1,1174.0,900.0,274.0,30.444444444444446
Firewood,Kyangwali (refugee settlement),KG,2026-01,1,420.0,322.0,98.0,30.434782608695656
Maize (white),Iganga,KG,2022-04,1,1500.0,1150.0,350.0,30.434782608695656
Maize (white),Kotido,KG,2023-01,1,1500.0,1150.0,350.0,30.434782608695656
Millet,Mbale,KG,2021-05,1,3000.0,2300.0,700.0,30.434782608695656
Sorghum,Fort Portal,KG,2022-10,1,3000.0,2300.0,700.0,30.434782608695656
Beans,Rwamwanja (refugee settlement),KG,2022-05,1,2500.0,1917.0,583.0,30.412102243088157
Sorghum,Palorinya (refugee settlement),KG,2025-03,1,1574.0,1207.0,367.0,30.4059652029826
Maize,Owino,KG,2012-11,2,1003.2850000000001,769.45,233.83500000000004,30.389888881668725
Batteries,Kyangwali (refugee settlement),Pair,2026-03,1,1825.0,1400.0,425.0,30.357142857142854
Underwear,Imvepi (refugee settlement),Unit,2026-04,1,1825.0,1400.0,425.0,30.357142857142854
Sorghum,Adjumani (refugee settlement),KG,2025-11,1,1800.0,1381.0,419.0,30.340333091962346
Batteries,Lobule (refugee settlement),Pair,2026-03,1,1900.0,1458.0,442.0,30.315500685871054
Leafy vegetables,Palabek (refugee settlement),KG,2021-07,1,1991.0,1528.0,463.0,30.30104712041885
Maize,Lira,KG,2022-03,1,1134.87,871.07,263.79999999999984,30.28459251265683
Charcoal,Bidibidi (refugee settlement),KG,2023-02,1,521.0,400.0,121.0,30.25
Cassava flour,Gulu,KG,2025-04,1,5250.0,4031.0,1219.0,30.24063507814438
Oil (vegetable),Kapchorwa,L,2021-04,1,8000.0,6143.0,1857.0,30.22952954582452
Firewood,Lobule (refugee settlement),KG,2024-03,1,449.0,345.0,104.0,30.144927536231886
Sorghum,Kiryandongo (refugee settlement),KG,2021-01,1,1344.0,1033.0,311.0,30.10648596321394
Sorghum,Gulu,KG,2022-09,1,2550.0,1960.0,590.0,30.102040816326532
Maize,Busia,KG,2012-04,1,898.9,690.95,207.94999999999993,30.096244301324255
Wooden mingle,Palabek (refugee settlement),Unit,2024-03,1,1833.0,1409.0,424.0,30.092264017033354
Cassava (fresh),Imvepi (refugee settlement),KG,2022-10,1,800.0,615.0,185.0,30.081300813008134
Maize (white),Jinja,KG,2012-04,1,813.0,625.0,188.0,30.080000000000002
Plantains,Owino,KG,2018-09,2,1125.0,865.0,260.0,30.057803468208093
Leafy vegetables,Lobule (refugee settlement),KG,2026-02,1,2640.0,2030.0,610.0,30.049261083743843
Charcoal,Lobule (refugee settlement),KG,2023-03,1,909.0,699.0,210.0,30.042918454935624
Sorghum,Nabilatuk,KG,2025-12,1,1238.0,952.0,286.0,30.04201680672269
Maize,Owino,KG,2021-06,1,836.4,643.34,193.05999999999995,30.00901545061708
Fish (dry),Oruchinga (refugee settlement),KG,2023-11,1,26667.0,20513.0,6154.0,30.00048749573441
Beans,Lobule (refugee settlement),KG,2022-08,1,3250.0,2500.0,750.0,30.0
Beans,Mbale,KG,2020-04,1,4225.0,3250.0,975.0,30.0
Beans,Oruchinga (refugee settlement),KG,2022-09,1,3250.0,2500.0,750.0,30.0
Charcoal,Rwamwanja (refugee settlement),KG,2023-01,1,1300.0,1000.0,300.0,30.0
Exercise Book (48 pages),Nakivale (refugee settlement),Unit,2022-12,1,650.0,500.0,150.0,30.0
Hoe,Kyangwali (refugee settlement),Unit,2025-03,1,13000.0,10000.0,3000.0,30.0
Laundry soap,Rhino Camp (refugee settlement),KG,2022-09,1,6500.0,5000.0,1500.0,30.0
Maize (white),Iganga,KG,2016-06,1,1300.0,1000.0,300.0,30.0
Maize (white),Jinja,KG,2011-07,1,1300.0,1000.0,300.0,30.0
Maize (white),Masindi,KG,2024-11,1,1300.0,1000.0,300.0,30.0
Maize (white),Palabek (refugee settlement),KG,2022-05,1,1625.0,1250.0,375.0,30.0
Maize flour,Hoima,KG,2025-05,1,2600.0,2000.0,600.0,30.0
Millet,Gulu,KG,2015-07,1,3250.0,2500.0,750.0,30.0
Millet,Namalu,KG,2020-04,1,2600.0,2000.0,600.0,30.0
Mug (plastic),Lobule (refugee settlement),Unit,2024-06,1,1300.0,1000.0,300.0,30.0
Plate (plastic),Imvepi (refugee settlement),Unit,2026-06,1,1300.0,1000.0,300.0,30.0
Sanitary pads,Bidibidi (refugee settlement),Packet,2022-09,1,3250.0,2500.0,750.0,30.0
Sorghum,Iganga,KG,2016-06,1,1300.0,1000.0,300.0,30.0
Sorghum,Iganga,KG,2021-07,1,1300.0,1000.0,300.0,30.0
Sorghum,Mbale,KG,2020-06,1,1300.0,1000.0,300.0,30.0
Torch,Oruchinga (refugee settlement),Unit,2024-06,1,1300.0,1000.0,300.0,30.0
Underwear,Nakivale (refugee settlement),Unit,2024-08,1,3250.0,2500.0,750.0,30.0
Underwear,Palorinya (refugee settlement),Unit,2025-05,1,1950.0,1500.0,450.0,30.0
Wooden mingle,Kyangwali (refugee settlement),Unit,2021-06,1,2166.67,1666.67,500.0,29.999940000120002
Sorghum,Rhino Camp (refugee settlement),KG,2023-03,1,2167.0,1667.0,500.0,29.994001199760046
Underwear,Palorinya (refugee settlement),Unit,2023-09,1,2167.0,1667.0,500.0,29.994001199760046
Cassava (fresh),Bidibidi (refugee settlement),KG,2021-12,1,607.0,467.0,140.0,29.978586723768736
Cassava flour,Lira,KG,2012-05,2,1100.0,846.5,253.5,29.946839929119907
Maize (white),Jinja,KG,2013-06,1,790.0,608.3,181.70000000000005,29.87012987012988
Cassava (fresh),Rhino Camp (refugee settlement),KG,2023-07,1,500.0,385.0,115.0,29.87012987012987
Maize flour,Kasese,KG,2022-03,1,2500.0,1925.0,575.0,29.87012987012987
Millet,Lira,KG,2013-04,1,1450.0,1116.6,333.4000000000001,29.858499014866567
Maize (white),Moroto,KG,2023-03,1,2240.0,1725.0,515.0,29.855072463768117
Fish (dry),Kyaka II (refugee settlement),KG,2026-01,1,39563.0,30474.0,9089.0,29.825424952418455
Cassava flour,Gulu,KG,2011-04,1,2466.67,1900.0,566.6700000000001,29.824736842105263
Fish (dry),Kyangwali (refugee settlement),KG,2025-09,1,34615.0,26667.0,7948.0,29.80462744215697
Millet,Mbale,KG,2025-05,1,4750.0,3660.0,1090.0,29.78142076502732
Firewood,Kyangwali (refugee settlement),KG,2024-07,1,414.0,319.0,95.0,29.780564263322884
Torch,Adjumani (refugee settlement),Unit,2024-06,1,1020.0,786.0,234.0,29.770992366412212
Millet flour,Palabek (refugee settlement),KG,2026-04,1,4613.0,3555.0,1058.0,29.760900140646978
Cassava (fresh),Imvepi (refugee settlement),KG,2023-02,1,702.0,541.0,161.0,29.75970425138632
Leafy vegetables,Kyaka II (refugee settlement),KG,2026-01,1,1779.0,1371.0,408.0,29.75929978118162
Jerrycan (5L),Palorinya (refugee settlement),Unit,2026-06,1,4000.0,3083.0,917.0,29.743756081738564
Maize flour,Palorinya (refugee settlement),KG,2025-06,1,4000.0,3083.0,917.0,29.743756081738564
Underwear,Kyangwali (refugee settlement),Unit,2023-09,1,4000.0,3083.0,917.0,29.743756081738564
Maize,Lira,KG,2012-04,1,853.4,657.94,195.45999999999992,29.707876098124437
Rope,Adjumani (refugee settlement),Unit,2024-09,1,1144.0,882.0,262.0,29.705215419501137
Wooden mingle,Bidibidi (refugee settlement),Unit,2024-06,1,865.0,667.0,198.0,29.685157421289354
Beans,Imvepi (refugee settlement),KG,2025-03,1,4538.0,3500.0,1038.0,29.65714285714286
Beans,Kasese,KG,2023-08,1,4700.0,3625.0,1075.0,29.655172413793103
Leafy vegetables,Bidibidi (refugee settlement),KG,2023-10,1,2917.0,2250.0,667.0,29.644444444444446
Maize,Busia,KG,2012-01,1,807.12,622.61,184.51,29.63492394918167
Laundry soap,Bidibidi (refugee settlement),KG,2024-12,1,3889.0,3000.0,889.0,29.633333333333333
Beans,Jinja,KG,2022-09,1,4900.0,3780.0,1120.0,29.629629629629626
Beans,Kapchorwa,KG,2019-06,1,3500.0,2700.0,800.0,29.629629629629626
Maize flour,Fort Portal,KG,2022-07,1,3500.0,2700.0,800.0,29.629629629629626
Sorghum,Soroti,KG,2024-12,1,1300.0,1003.0,297.0,29.611166500498502
Maize (white),Lira,KG,2019-03,1,950.0,733.0,217.0,29.6043656207367
Leafy vegetables,Nakivale (refugee settlement),KG,2023-05,1,1458.0,1125.0,333.0,29.599999999999998
Maize (white),Mbale,KG,2022-04,1,1620.0,1250.0,370.0,29.599999999999998
Jerrycan (20L),Kyaka II (refugee settlement),Unit,2025-03,1,7667.0,5917.0,1750.0,29.575798546560755
Millet flour,Nakivale (refugee settlement),KG,2025-09,1,4833.0,3730.0,1103.0,29.571045576407506
Serving spoon,Kiryandongo (refugee settlement),Unit,2025-12,1,2375.0,1833.0,542.0,29.56901254773595
Beans,Lira,KG,2024-01,1,3800.0,2933.0,867.0,29.56017729287419
Maize (white),Lira,KG,2011-05,1,950.0,733.33,216.66999999999996,29.546043391106313
Cassava flour,Soroti,KG,2020-04,1,1425.0,1100.0,325.0,29.545454545454547
Maize (white),Palorinya (refugee settlement),KG,2024-04,1,1333.0,1029.0,304.0,29.54324586977648
Charcoal,Kyangwali (refugee settlement),KG,2023-03,1,751.0,580.0,171.0,29.48275862068965
Fish (dry),Nakivale (refugee settlement),KG,2025-03,1,18955.0,14643.0,4312.0,29.447517585194287
Maize flour,Palorinya (refugee settlement),KG,2022-06,1,3667.0,2833.0,834.0,29.438757500882456
Jerrycan (5L),Bidibidi (refugee settlement),Unit,2026-03,1,3500.0,2704.0,796.0,29.437869822485208
Beans,Lobule (refugee settlement),KG,2023-05,1,5500.0,4250.0,1250.0,29.411764705882355
Jerrycan (5L),Rhino Camp (refugee settlement),Unit,2023-12,1,2750.0,2125.0,625.0,29.411764705882355
Maize flour,Jinja,KG,2011-07,1,2200.0,1700.0,500.0,29.411764705882355
Millet,Lira,KG,2024-05,1,2750.0,2125.0,625.0,29.411764705882355
Maize (white),Busia,KG,2022-04,1,1358.0,1050.0,308.0,29.333333333333332
Mug (plastic),Lobule (refugee settlement),Unit,2022-03,1,808.33,625.0,183.33000000000004,29.33280000000001
Maize flour,Lira,KG,2015-12,1,2500.0,1933.0,567.0,29.33264355923435
Maize flour,Fort Portal,KG,2025-01,1,3394.0,2625.0,769.0,29.295238095238098
Cassava (fresh),Kyangwali (refugee settlement),KG,2026-05,1,862.0,667.0,195.0,29.235382308845576
Beans,Rwamwanja (refugee settlement),KG,2025-04,1,3877.0,3000.0,877.0,29.233333333333334
Wooden mingle,Kyaka II (refugee settlement),Unit,2025-12,1,1292.0,1000.0,292.0,29.2
Sorghum,Kyangwali (refugee settlement),KG,2024-12,1,1598.0,1237.0,361.0,29.183508488278093
Nails,Rwamwanja (refugee settlement),KG,2025-09,1,7750.0,6000.0,1750.0,29.166666666666668
Sorghum,Kiryandongo (refugee settlement),KG,2024-06,1,1550.0,1200.0,350.0,29.166666666666668
Sorghum,Owino,KG,2013-03,1,1033.3,800.0,233.29999999999995,29.162499999999998
Cassava flour,Jinja,KG,2012-12,1,700.0,542.0,158.0,29.15129151291513
Maize flour,Kapchorwa,KG,2013-04,1,1400.0,1084.0,316.0,29.15129151291513
Leafy vegetables,Nakivale (refugee settlement),KG,2021-04,1,1507.0,1167.0,340.0,29.13453299057412
Cassava (fresh),Rhino Camp (refugee settlement),KG,2022-09,1,661.0,512.0,149.0,29.1015625
Sorghum,Kiryandongo (refugee settlement),KG,2021-04,1,1643.0,1273.0,370.0,29.06520031421838
Basin,Kyangwali (refugee settlement),Unit,2026-06,1,7000.0,5425.0,1575.0,29.03225806451613
Cassava flour,Gulu,KG,2015-02,1,2500.0,1937.5,562.5,29.03225806451613
Exercise Book (48 pages),Bidibidi (refugee settlement),Unit,2025-09,1,1000.0,775.0,225.0,29.03225806451613
Maize (white),Gulu,KG,2025-05,1,2000.0,1550.0,450.0,29.03225806451613
Sorghum,Jinja,KG,2014-11,1,1000.0,775.0,225.0,29.03225806451613
Underwear,Rwamwanja (refugee settlement),Unit,2025-06,1,4000.0,3100.0,900.0,29.03225806451613
Oil (vegetable),Palabek (refugee settlement),L,2023-10,1,8900.0,6900.0,2000.0,28.985507246376812
Cassava flour,Busia,KG,2025-12,1,1500.0,1163.0,337.0,28.976784178847808
Maize (white),Mbale,KG,2024-06,1,1367.0,1060.0,307.0,28.962264150943394
Charcoal,Palorinya (refugee settlement),KG,2022-07,1,667.0,517.24,149.76,28.95367720980589
Leafy vegetables,Nakivale (refugee settlement),KG,2023-11,1,1458.0,1131.0,327.0,28.912466843501328
Sanitary pads,Bidibidi (refugee settlement),Packet,2026-05,1,4125.0,3200.0,925.0,28.90625
Maize (white),Kyaka II (refugee settlement),KG,2024-11,1,1200.0,931.0,269.0,28.893662728249193
Maize flour,Lira,KG,2015-11,1,1933.0,1500.0,433.0,28.866666666666667
Charcoal,Imvepi (refugee settlement),KG,2025-02,1,697.0,541.0,156.0,28.835489833641404
Plate (plastic),Rhino Camp (refugee settlement),Unit,2024-06,1,644.0,500.0,144.0,28.799999999999997
Fish (dry),Imvepi (refugee settlement),KG,2022-06,1,15152.0,11765.0,3387.0,28.788780280492986
Charcoal,Kiryandongo (refugee settlement),KG,2023-02,1,1226.0,952.0,274.0,28.781512605042014
Plantains,Lira,KG,2011-11,2,895.0,695.0,200.0,28.776978417266186
Cassava flour,Owino,KG,2011-04,1,750.0,582.5,167.5,28.75536480686695
Charcoal,Rhino Camp (refugee settlement),KG,2024-07,1,600.0,466.0,134.0,28.75536480686695
Charcoal,Bidibidi (refugee settlement),KG,2024-08,1,806.0,626.0,180.0,28.753993610223645
Hoe,Palabek (refugee settlement),Unit,2023-09,1,12875.0,10000.0,2875.0,28.749999999999996
Cassava (fresh),Bidibidi (refugee settlement),KG,2022-07,1,645.0,501.0,144.0,28.74251497005988
Millet,Kotido,KG,2023-09,1,1725.0,1340.0,385.0,28.73134328358209
Charcoal,Nakivale (refugee settlement),KG,2025-03,1,1300.0,1010.0,290.0,28.71287128712871
Sorghum,Rwamwanja (refugee settlement),KG,2022-12,1,2333.0,1813.0,520.0,28.681742967457254
Sorghum,Rhino Camp (refugee settlement),KG,2021-04,1,1200.0,933.0,267.0,28.617363344051448
Leafy vegetables,Kyangwali (refugee settlement),KG,2025-05,1,2180.0,1695.0,485.0,28.613569321533923
Sorghum,Palorinya (refugee settlement),KG,2022-04,1,1389.0,1080.0,309.0,28.61111111111111
Cassava (fresh),Kyaka II (refugee settlement),KG,2022-04,1,526.0,409.0,117.0,28.606356968215156
Mug (plastic),Adjumani (refugee settlement),Unit,2024-03,1,1286.0,1000.0,286.0,28.599999999999998
Pen,Adjumani (refugee settlement),Unit,2024-03,1,643.0,500.0,143.0,28.599999999999998
Cassava flour,Masindi,KG,2023-09,1,3000.0,2333.0,667.0,28.589798542648946
Underwear,Nakivale (refugee settlement),Unit,2025-04,1,3000.0,2333.0,667.0,28.589798542648946
Underwear,Palabek (refugee settlement),Unit,2026-06,1,3000.0,2333.0,667.0,28.589798542648946
Sorghum,Bidibidi (refugee settlement),KG,2024-11,1,1543.0,1200.0,343.0,28.583333333333332
Beans,Iganga,KG,2025-05,1,4500.0,3500.0,1000.0,28.57142857142857
Beans,Namalu,KG,2025-10,1,2700.0,2100.0,600.0,28.57142857142857
Exercise Book (48 pages),Lobule (refugee settlement),Unit,2024-09,1,900.0,700.0,200.0,28.57142857142857
Firewood,Kyangwali (refugee settlement),KG,2025-06,1,414.0,322.0,92.0,28.57142857142857
Laundry soap,Imvepi (refugee settlement),KG,2021-12,1,4500.0,3500.0,1000.0,28.57142857142857
Maize (white),Lira,KG,2013-06,1,900.0,700.0,200.0,28.57142857142857
Milk (fresh),Nakivale (refugee settlement),L,2022-11,1,1800.0,1400.0,400.0,28.57142857142857
Salt,Nakivale (refugee settlement),KG,2023-01,1,1800.0,1400.0,400.0,28.57142857142857
Sanitary pads,Kyangwali (refugee settlement),Packet,2022-11,1,3600.0,2800.0,800.0,28.57142857142857
Sorghum,Kiboga,KG,2011-10,1,900.0,700.0,200.0,28.57142857142857
Sorghum,Kiryandongo (refugee settlement),KG,2022-06,1,2250.0,1750.0,500.0,28.57142857142857
Sorghum,Lobule (refugee settlement),KG,2023-11,1,2250.0,1750.0,500.0,28.57142857142857
Sorghum,Makaratin,KG,2019-01,1,900.0,700.0,200.0,28.57142857142857
Fish (dry),Imvepi (refugee settlement),KG,2022-01,1,12857.0,10000.0,2857.0,28.57
Fish (dry),Palabek (refugee settlement),KG,2025-07,1,17857.0,13889.0,3968.0,28.56937144502844
Sanitary pads,Palabek (refugee settlement),Packet,2024-05,1,3214.0,2500.0,714.0,28.560000000000002
Beans,Iganga,KG,2016-01,1,2400.0,1867.0,533.0,28.548473486877345
Cassava flour,Owino,KG,2019-03,1,1500.0,1167.0,333.0,28.53470437017995
Serving spoon,Kiryandongo (refugee settlement),Unit,2023-09,1,1500.0,1167.0,333.0,28.53470437017995
Sorghum,Imvepi (refugee settlement),KG,2021-08,1,1500.0,1167.0,333.0,28.53470437017995
Sorghum,Palabek (refugee settlement),KG,2025-05,1,1478.0,1150.0,328.0,28.52173913043478
Leafy vegetables,Imvepi (refugee settlement),KG,2023-09,1,1339.0,1042.0,297.0,28.502879078694814
Cassava flour,Jinja,KG,2010-05,1,1060.0,825.0,235.0,28.484848484848484
Maize (white),Adjumani (refugee settlement),KG,2022-06,1,2950.0,2296.0,654.0,28.484320557491287
Maize flour,Kyangwali (refugee settlement),KG,2026-04,1,3500.0,2726.0,774.0,28.393250183418928
Beans,Kyangwali (refugee settlement),KG,2023-01,1,2867.0,2233.0,634.0,28.3922973578146
Maize flour,Lira,KG,2016-07,1,2375.0,1850.0,525.0,28.37837837837838
Cassava (fresh),Kiryandongo (refugee settlement),KG,2024-02,1,1222.0,952.0,270.0,28.361344537815125
Sorghum,Kyangwali (refugee settlement),KG,2023-03,1,2567.0,2000.0,567.0,28.349999999999998
Millet flour,Rhino Camp (refugee settlement),KG,2025-06,1,4706.0,3667.0,1039.0,28.33378783746932
Firewood,Imvepi (refugee settlement),KG,2023-08,1,231.0,180.0,51.0,28.333333333333332
Maize flour,Kotido,KG,2019-04,1,1925.0,1500.0,425.0,28.333333333333332
Maize (white),Mbarara,KG,2011-12,1,1500.0,1169.0,331.0,28.314798973481608
Charcoal,Imvepi (refugee settlement),KG,2023-07,1,635.0,495.0,140.0,28.28282828282828
Rope,Rhino Camp (refugee settlement),Unit,2024-09,1,794.0,619.0,175.0,28.27140549273021
Sorghum,Palorinya (refugee settlement),KG,2024-11,1,1625.0,1267.0,358.0,28.25572217837411
Sanitary pads,Lobule (refugee settlement),Packet,2025-01,1,3232.0,2520.0,712.0,28.253968253968253
Beans,Lira,KG,2015-04,2,2491.0550000000003,1942.52,548.5350000000003,28.238319296583835
Beans,Rwamwanja (refugee settlement),KG,2023-04,1,4167.0,3250.0,917.0,28.215384615384615
Oil (vegetable),Kyaka II (refugee settlement),L,2024-12,1,8975.0,7000.0,1975.0,28.214285714285715
Cassava flour,Moroto,KG,2022-10,1,2500.0,1950.0,550.0,28.205128205128204
Maize (white),Hoima,KG,2025-04,1,1300.0,1014.0,286.0,28.205128205128204
Sorghum,Busia,KG,2025-04,1,1500.0,1170.0,330.0,28.205128205128204
Leafy vegetables,Kyaka II (refugee settlement),KG,2026-05,1,2564.0,2000.0,564.0,28.199999999999996
Leafy vegetables,Rhino Camp (refugee settlement),KG,2025-07,1,2188.0,1707.0,481.0,28.17809021675454
Maize (white),Napak,KG,2024-05,1,1333.0,1040.0,293.0,28.173076923076923
Sorghum,Imvepi (refugee settlement),KG,2025-09,1,1875.0,1463.0,412.0,28.161312371838687
Maize (white),Lira,KG,2012-04,1,833.0,650.0,183.0,28.153846153846153
Maize (white),Fort Portal,KG,2025-09,1,2563.0,2000.0,563.0,28.15
Cassava (fresh),Lobule (refugee settlement),KG,2022-04,1,820.0,640.0,180.0,28.125
Maize flour,Lira,KG,2025-04,1,2433.0,1899.0,534.0,28.12006319115324
Cassava flour,Mbarara,KG,2015-01,1,1900.0,1483.0,417.0,28.118678354686445
Maize (white),Owino,KG,2021-09,1,1217.0,950.0,267.0,28.10526315789474
Cassava (fresh),Palabek (refugee settlement),KG,2025-12,1,538.0,420.0,118.0,28.095238095238095
Maize (white),Lira,KG,2012-05,1,1067.0,833.0,234.0,28.091236494597837
Beans,Kiryandongo (refugee settlement),KG,2022-09,1,4483.0,3500.0,983.0,28.085714285714285
Pole,Kyaka II (refugee settlement),Unit,2023-06,1,9500.0,7417.0,2083.0,28.084131050289873
Maize flour,Kyangwali (refugee settlement),KG,2025-01,1,2917.0,2278.0,639.0,28.050921861281825
Leafy vegetables,Kyaka II (refugee settlement),KG,2021-07,1,1607.0,1255.0,352.0,28.047808764940243
Fish (dry),Lobule (refugee settlement),KG,2025-09,1,17500.0,13668.0,3832.0,28.03628914252268
Fish (dry),Bidibidi (refugee settlement),KG,2021-06,1,16027.0,12518.0,3509.0,28.031634446397184
Beans,Namalu,KG,2023-04,1,4250.0,3320.0,930.0,28.012048192771083
Fish (dry),Oruchinga (refugee settlement),KG,2023-02,1,26667.0,20833.0,5834.0,28.003648058368935
Beans,Mbale,KG,2023-02,1,4000.0,3125.0,875.0,28.000000000000004
Millet,Karenga,KG,2025-04,1,3200.0,2500.0,700.0,28.000000000000004
Maize,Masindi,KG,2019-10,1,969.17,757.24,211.92999999999995,27.98716391104537
Maize (white),Owino,KG,2022-03,1,1500.0,1172.0,328.0,27.986348122866893
Serving spoon,Rwamwanja (refugee settlement),Unit,2025-06,1,3000.0,2344.0,656.0,27.986348122866893
Firewood,Palabek (refugee settlement),KG,2024-04,1,293.0,229.0,64.0,27.947598253275107
Maize (white),Kaabong,KG,2024-04,1,1200.0,938.0,262.0,27.931769722814497
Cassava (fresh),Palabek (refugee settlement),KG,2023-06,1,1000.0,782.0,218.0,27.877237851662407
Millet,Kaabong,KG,2025-03,1,2813.0,2200.0,613.0,27.863636363636363
Maize (white),Rwamwanja (refugee settlement),KG,2021-06,1,831.0,650.0,181.0,27.846153846153847
Cassava (fresh),Imvepi (refugee settlement),KG,2025-12,1,602.0,471.0,131.0,27.81316348195329
Maize flour,Gulu,KG,2024-06,1,2313.0,1810.0,503.0,27.790055248618785
Nails,Rhino Camp (refugee settlement),KG,2022-09,1,7667.0,6000.0,1667.0,27.78333333333333
Fish (dry),Kyaka II (refugee settlement),KG,2024-08,1,31945.0,25000.0,6945.0,27.779999999999998
Hoe,Rwamwanja (refugee settlement),Unit,2025-09,1,11500.0,9000.0,2500.0,27.77777777777778
Maize (white),Iganga,KG,2022-03,1,1150.0,900.0,250.0,27.77777777777778
Maize flour,Mbarara,KG,2019-05,1,2300.0,1800.0,500.0,27.77777777777778
Pole,Palorinya (refugee settlement),Unit,2025-06,1,5750.0,4500.0,1250.0,27.77777777777778
Maize flour,Kyangwali (refugee settlement),KG,2023-05,1,3833.0,3000.0,833.0,27.766666666666666
Maize flour,Oruchinga (refugee settlement),KG,2022-09,1,3833.0,3000.0,833.0,27.766666666666666
Underwear,Nakivale (refugee settlement),Unit,2026-05,1,3833.0,3000.0,833.0,27.766666666666666
Sorghum,Kiboga,KG,2011-08,1,1022.0,800.0,222.0,27.750000000000004
Millet,Jinja,KG,2024-01,1,3575.0,2800.0,775.0,27.67857142857143
Millet,Lira,KG,2015-10,1,1500.0,1175.0,325.0,27.659574468085108
Beans,Masaka,KG,2023-03,1,4680.0,3666.67,1013.3299999999999,27.636247603411267
Sorghum,Arua,KG,2024-07,1,2000.0,1567.0,433.0,27.63241863433312
Millet,Kapchorwa,KG,2025-05,1,4467.0,3500.0,967.0,27.62857142857143
Plate (plastic),Kyangwali (refugee settlement),Unit,2026-03,1,1234.0,967.0,267.0,27.611168562564632
Sorghum,Makaratin,KG,2023-12,1,1180.0,925.0,255.0,27.56756756756757
Sorghum,Palabek (refugee settlement),KG,2026-03,1,1356.0,1063.0,293.0,27.563499529633113
Beans,Mbarara,KG,2012-04,1,2467.0,1934.0,533.0,27.559462254395033
Cassava (fresh),Rwamwanja (refugee settlement),KG,2021-09,1,500.0,392.0,108.0,27.55102040816326
Beans,Lira,KG,2021-03,2,2806.915,2200.92,605.9949999999999,27.53371317449066
Maize (white),Jinja,KG,2013-12,1,1084.0,850.0,234.0,27.52941176470588
Beans,Soroti,KG,2020-04,1,3825.0,3000.0,825.0,27.500000000000004
Cassava (fresh),Bidibidi (refugee settlement),KG,2026-01,1,816.0,640.0,176.0,27.500000000000004
Oil (vegetable),Owino,L,2022-10,1,12750.0,10000.0,2750.0,27.500000000000004
Maize (white),Lira,KG,2019-02,1,733.0,575.0,158.0,27.47826086956522
Jerrycan (5L),Rhino Camp (refugee settlement),Unit,2023-09,1,2125.0,1667.0,458.0,27.474505098980206
Maize,Kabale,KG,2022-02,1,1091.46,856.23,235.23000000000002,27.472758487789495
Cassava flour,Lira,KG,2011-11,2,1165.0,914.0,251.0,27.461706783369806
Maize flour,Mbale,KG,2025-05,1,2400.0,1883.0,517.0,27.45618693574084
Millet flour,Kiryandongo (refugee settlement),KG,2023-05,1,5000.0,3923.0,1077.0,27.453479479989806
Sorghum,Namalu,KG,2019-04,1,1274.5,1000.0,274.5,27.450000000000003
Maize (white),Masaka,KG,2022-05,1,1440.0,1130.0,310.0,27.43362831858407
Leafy vegetables,Lobule (refugee settlement),KG,2024-10,1,1979.0,1553.0,426.0,27.430779137153895
Cassava (fresh),Nakivale (refugee settlement),KG,2024-01,1,1250.0,981.0,269.0,27.42099898063201
Maize (white),Mbale,KG,2022-06,1,2017.0,1583.0,434.0,27.416298168035375
Beans,Kasese,KG,2022-05,1,3567.0,2800.0,767.0,27.392857142857142
Sorghum,Bidibidi (refugee settlement),KG,2022-08,1,2000.0,1570.0,430.0,27.388535031847134
Plantains,Owino,KG,2013-01,2,3661.0,2874.75,786.25,27.35020436559701
Maize (white),Iganga,KG,2023-03,1,1560.0,1225.0,335.0,27.346938775510203
Maize,Kabale,KG,2021-02,1,762.15,598.66,163.49,27.309324157284603
Sorghum,Kyaka II (refugee settlement),KG,2025-10,1,2471.0,1941.0,530.0,27.305512622359608
Beans,Mbarara,KG,2015-10,1,3500.0,2750.0,750.0,27.27272727272727
Hoe,Kiryandongo (refugee settlement),Unit,2024-12,1,14000.0,11000.0,3000.0,27.27272727272727
Laundry soap,Bidibidi (refugee settlement),KG,2022-05,1,7000.0,5500.0,1500.0,27.27272727272727
Maize (white),Makaratin,KG,2025-04,1,1400.0,1100.0,300.0,27.27272727272727
Maize flour,Kapchorwa,KG,2011-04,1,1400.0,1100.0,300.0,27.27272727272727
Maize flour,Owino,KG,2011-03,1,1400.0,1100.0,300.0,27.27272727272727
Maize flour,Palorinya (refugee settlement),KG,2021-05,1,1750.0,1375.0,375.0,27.27272727272727
Oil (vegetable),Namalu,L,2019-04,1,7000.0,5500.0,1500.0,27.27272727272727
Panga,Kyaka II (refugee settlement),Unit,2022-03,1,7000.0,5500.0,1500.0,27.27272727272727
Sanitary pads,Bidibidi (refugee settlement),Packet,2023-10,1,3500.0,2750.0,750.0,27.27272727272727
Sanitary pads,Kiryandongo (refugee settlement),Packet,2023-03,1,3500.0,2750.0,750.0,27.27272727272727
Sanitary pads,Kyangwali (refugee settlement),Packet,2022-03,1,3500.0,2750.0,750.0,27.27272727272727
Sorghum,Gulu,KG,2020-07,1,1400.0,1100.0,300.0,27.27272727272727
Mug (plastic),Nakivale (refugee settlement),Unit,2025-09,1,1167.0,917.0,250.0,27.262813522355504
Millet flour,Palabek (refugee settlement),KG,2024-11,1,4188.0,3291.0,897.0,27.256153144940747
Sorghum,Makaratin,KG,2021-07,1,967.0,760.0,207.0,27.236842105263158
Maize,Lira,KG,2006-11,1,315.54,248.0,67.54000000000002,27.23387096774194
Beans,Kasese,KG,2025-04,1,4500.0,3537.0,963.0,27.2264631043257
Sorghum,Lira,KG,2022-06,1,1300.0,1022.0,278.0,27.20156555772994
Beans,Namalu,KG,2023-11,1,3180.0,2500.0,680.0,27.200000000000003
Rope,Nakivale (refugee settlement),Unit,2025-06,1,2061.0,1621.0,440.0,27.143738433066005
Cassava (fresh),Bidibidi (refugee settlement),KG,2026-06,1,389.0,306.0,83.0,27.124183006535947
Firewood,Kiryandongo (refugee settlement),KG,2026-02,1,516.0,406.0,110.0,27.093596059113302
Cassava flour,Owino,KG,2011-03,2,582.5,458.33500000000004,124.16499999999996,27.09044694382928
Pencil,Adjumani (refugee settlement),Unit,2023-03,1,254.0,200.0,54.0,27.0
Cassava flour,Wakiso,KG,2022-08,1,2000.0,1575.0,425.0,26.984126984126984
Oil (vegetable),Bidibidi (refugee settlement),L,2022-04,1,10000.0,7875.0,2125.0,26.984126984126984
Salt,Palabek (refugee settlement),KG,2025-02,1,2000.0,1575.0,425.0,26.984126984126984
Sorghum,Iganga,KG,2013-10,1,1000.0,787.5,212.5,26.984126984126984
Serving spoon,Rhino Camp (refugee settlement),Unit,2025-12,1,1904.0,1500.0,404.0,26.93333333333333
Basin,Oruchinga (refugee settlement),Unit,2025-03,1,5500.0,4333.0,1167.0,26.93284098776829
Leafy vegetables,Rwamwanja (refugee settlement),KG,2025-07,1,1992.0,1570.0,422.0,26.878980891719745
Maize flour,Kapchorwa,KG,2011-03,1,1100.0,867.0,233.0,26.87427912341407
Sorghum,Kyaka II (refugee settlement),KG,2023-02,1,2167.0,1708.0,459.0,26.87353629976581
Beans,Hoima,KG,2022-03,1,2500.0,1971.0,529.0,26.839167935058345
Maize flour,Lira,KG,2022-04,1,2727.0,2150.0,577.0,26.837209302325583
Sorghum,Imvepi (refugee settlement),KG,2026-04,1,1437.0,1133.0,304.0,26.831421006178285
Sorghum,Iganga,KG,2020-06,1,1300.0,1025.0,275.0,26.82926829268293
Cassava (fresh),Bidibidi (refugee settlement),KG,2024-02,1,951.0,750.0,201.0,26.8
Maize (white),Kiboga,KG,2012-11,1,549.0,433.0,116.0,26.78983833718245
Maize (white),Lira,KG,2017-04,1,1775.0,1400.0,375.0,26.785714285714285
Fish (dry),Palabek (refugee settlement),KG,2025-01,1,26340.0,20777.0,5563.0,26.77479905664918
Firewood,Oruchinga (refugee settlement),KG,2026-01,1,360.0,284.0,76.0,26.76056338028169
Wooden mingle,Kyangwali (refugee settlement),Unit,2024-06,1,1584.0,1250.0,334.0,26.72
Maize flour,Owino,KG,2012-04,1,1817.0,1434.0,383.0,26.708507670850768
Cassava flour,Kiboga,KG,2011-01,1,1267.0,1000.0,267.0,26.700000000000003
Plate (plastic),Kyangwali (refugee settlement),Unit,2023-03,1,1267.0,1000.0,267.0,26.700000000000003
Sorghum,Iganga,KG,2019-02,1,1267.0,1000.0,267.0,26.700000000000003
Jerrycan (5L),Kyangwali (refugee settlement),Unit,2023-06,1,3167.0,2500.0,667.0,26.68
Sanitary pads,Kyaka II (refugee settlement),Packet,2026-05,1,3167.0,2500.0,667.0,26.68
Charcoal,Bidibidi (refugee settlement),KG,2024-01,1,850.0,671.0,179.0,26.67660208643815
Beans,Kiboga,KG,2011-10,1,1900.0,1500.0,400.0,26.666666666666668
Beans,Tororo,KG,2025-01,1,3800.0,3000.0,800.0,26.666666666666668
Cassava flour,Hoima,KG,2022-11,1,1900.0,1500.0,400.0,26.666666666666668
Cassava flour,Kapchorwa,KG,2022-06,1,1900.0,1500.0,400.0,26.666666666666668
Maize (white),Lobule (refugee settlement),KG,2022-05,1,1900.0,1500.0,400.0,26.666666666666668
Maize flour,Owino,KG,2020-04,1,2375.0,1875.0,500.0,26.666666666666668
Millet,Mbarara,KG,2021-10,1,2850.0,2250.0,600.0,26.666666666666668
Millet flour,Adjumani (refugee settlement),KG,2022-09,1,4750.0,3750.0,1000.0,26.666666666666668
Oil (vegetable),Rhino Camp (refugee settlement),L,2022-04,1,9500.0,7500.0,2000.0,26.666666666666668
Serving spoon,Lobule (refugee settlement),Unit,2026-06,1,3800.0,3000.0,800.0,26.666666666666668
Sorghum,Oruchinga (refugee settlement),KG,2022-09,1,1900.0,1500.0,400.0,26.666666666666668
Cassava flour,Owino,KG,2010-09,1,633.33,500.0,133.33000000000004,26.666000000000007
Leafy vegetables,Palorinya (refugee settlement),KG,2022-09,1,2143.0,1692.0,451.0,26.654846335697403
Maize flour,Jinja,KG,2022-04,1,2533.0,2000.0,533.0,26.650000000000002
Firewood,Bidibidi (refugee settlement),KG,2024-04,1,252.0,199.0,53.0,26.633165829145728
Batteries,Adjumani (refugee settlement),Pair,2023-12,1,2500.0,1975.0,525.0,26.582278481012654
Beans,Kyangwali (refugee settlement),KG,2022-08,1,3600.0,2844.0,756.0,26.582278481012654
Maize flour,Soroti,KG,2024-12,1,2000.0,1580.0,420.0,26.582278481012654
Maize,Busia,KG,2013-09,1,858.38,678.14,180.24,26.578582593564754
Sorghum,Rwamwanja (refugee settlement),KG,2025-02,1,2544.0,2010.0,534.0,26.56716417910448
Cassava (fresh),Oruchinga (refugee settlement),KG,2023-02,1,1101.0,870.0,231.0,26.551724137931032
Sorghum,Kotido,KG,2018-11,1,696.0,550.0,146.0,26.545454545454543
Sanitary pads,Bidibidi (refugee settlement),Packet,2023-08,1,3638.0,2875.0,763.0,26.53913043478261
Maize (white),Kaabong,KG,2023-10,1,1440.0,1138.0,302.0,26.537785588752193
Fish (dry),Kiryandongo (refugee settlement),KG,2024-03,1,35000.0,27667.0,7333.0,26.504499945783788
Underwear,Kyaka II (refugee settlement),Unit,2025-07,1,3036.0,2400.0,636.0,26.5
Cassava (fresh),Palorinya (refugee settlement),KG,2026-05,1,678.0,536.0,142.0,26.492537313432834
Underwear,Palorinya (refugee settlement),Unit,2025-01,1,3167.0,2504.0,663.0,26.477635782747605
Beans,Imvepi (refugee settlement),KG,2022-08,1,3377.78,2671.0,706.7800000000002,26.461250467989522
Rice,Owino,KG,2011-03,1,1785.04,1411.58,373.46000000000004,26.45687810821916
Firewood,Bidibidi (refugee settlement),KG,2023-12,1,263.0,208.0,55.0,26.442307692307693
Beans,Rwamwanja (refugee settlement),KG,2021-02,1,1344.0,1063.0,281.0,26.434619002822203
Maize flour,Jinja,KG,2022-02,1,2000.0,1582.0,418.0,26.422250316055624
Underwear,Palorinya (refugee settlement),Unit,2026-03,1,3000.0,2373.0,627.0,26.422250316055624
Maize (white),Iganga,KG,2014-03,1,809.0,640.0,169.0,26.406249999999996
Maize (white),Karita,KG,2021-11,1,1264.0,1000.0,264.0,26.400000000000002
Sorghum,Mbale,KG,2023-03,1,3160.0,2500.0,660.0,26.400000000000002
Maize,Owino,KG,2010-04,2,563.09,445.585,117.50500000000005,26.370950548155808
Milk (fresh),Imvepi (refugee settlement),L,2025-02,1,2000.0,1583.0,417.0,26.34238787113076
Salt,Kyangwali (refugee settlement),KG,2025-10,1,2000.0,1583.0,417.0,26.34238787113076
Millet flour,Rhino Camp (refugee settlement),KG,2024-11,1,4667.0,3694.0,973.0,26.340010828370332
Millet,Makaratin,KG,2023-11,1,2375.0,1880.0,495.0,26.329787234042552
Exercise Book (48 pages),Adjumani (refugee settlement),Unit,2022-06,1,500.0,395.83,104.17000000000002,26.316853194553225
Basin,Rwamwanja (refugee settlement),Unit,2021-12,1,6000.0,4750.0,1250.0,26.31578947368421
Millet,Kapchorwa,KG,2016-12,1,2400.0,1900.0,500.0,26.31578947368421
Sanitary pads,Adjumani (refugee settlement),Packet,2022-03,1,3000.0,2375.0,625.0,26.31578947368421
Sanitary pads,Bidibidi (refugee settlement),Packet,2024-04,1,3000.0,2375.0,625.0,26.31578947368421
Maize flour,Mbarara,KG,2010-11,1,1600.0,1266.67,333.3299999999999,26.315457064586667
Charcoal,Palabek (refugee settlement),KG,2022-07,1,1114.0,882.0,232.0,26.303854875283445
Maize (white),Palorinya (refugee settlement),KG,2025-02,1,1479.0,1171.0,308.0,26.302305721605467
Beans,Kasese,KG,2022-03,1,2700.0,2138.0,562.0,26.28624883068288
Wooden mingle,Kyangwali (refugee settlement),Unit,2024-09,1,2000.0,1584.0,416.0,26.262626262626267
Sorghum,Palabek (refugee settlement),KG,2023-04,1,2083.0,1650.0,433.0,26.242424242424246
Maize flour,Gulu,KG,2022-09,1,2550.0,2020.0,530.0,26.237623762376238
Sorghum,Makaratin,KG,2025-03,1,1050.0,832.0,218.0,26.201923076923077
Maize (white),Kaabong,KG,2024-12,1,1325.0,1050.0,275.0,26.190476190476193
Pole,Kyangwali (refugee settlement),Unit,2024-06,1,6625.0,5250.0,1375.0,26.190476190476193
Firewood,Palabek (refugee settlement),KG,2022-07,1,400.0,317.0,83.0,26.18296529968454
Beans,Masindi,KG,2023-06,1,4500.0,3567.0,933.0,26.15643397813289
Charcoal,Adjumani (refugee settlement),KG,2025-07,1,714.0,566.0,148.0,26.148409893992934
Plate (plastic),Kyangwali (refugee settlement),Unit,2024-09,1,883.0,700.0,183.0,26.142857142857146
Beans,Kyaka II (refugee settlement),KG,2022-04,1,2100.0,1665.0,435.0,26.126126126126124
Serving spoon,Kyaka II (refugee settlement),Unit,2025-03,1,2154.0,1708.0,446.0,26.11241217798595
Plantains,Lira,KG,2014-12,2,1135.0,900.0,235.0,26.111111111111114
Maize (white),Mbarara,KG,2020-04,1,1450.0,1150.0,300.0,26.08695652173913
Millet,Iganga,KG,2012-01,1,1450.0,1150.0,300.0,26.08695652173913
Beans,Mbale,KG,2019-05,1,3866.67,3066.67,800.0,26.086928166382428
Maize flour,Kotido,KG,2018-11,1,1513.0,1200.0,313.0,26.083333333333332
Leafy vegetables,Rhino Camp (refugee settlement),KG,2026-01,1,2253.0,1787.0,466.0,26.07722439843313
Charcoal,Kyangwali (refugee settlement),KG,2023-01,1,900.0,714.0,186.0,26.05042016806723
Maize (white),Rwamwanja (refugee settlement),KG,2021-09,1,988.0,784.0,204.0,26.02040816326531
Cassava flour,Iganga,KG,2025-05,1,1260.0,1000.0,260.0,26.0
Nails,Lobule (refugee settlement),KG,2025-06,1,6300.0,5000.0,1300.0,26.0
Maize (white),Kapchorwa,KG,2022-01,1,1396.0,1108.0,288.0,25.992779783393498
Maize flour,Kiboga,KG,2011-06,1,2267.0,1800.0,467.0,25.944444444444443
Beans,Adjumani (refugee settlement),KG,2023-03,1,6219.0,4938.0,1281.0,25.94167679222357
Salt,Kiryandongo (refugee settlement),KG,2025-01,1,1763.0,1400.0,363.0,25.928571428571427
Beans,Owino,KG,2023-02,1,4250.0,3375.0,875.0,25.925925925925924
Charcoal,Adjumani (refugee settlement),KG,2023-01,1,680.0,540.0,140.0,25.925925925925924
Maize (white),Bidibidi (refugee settlement),KG,2024-11,1,1511.0,1200.0,311.0,25.916666666666664
Batteries,Kiryandongo (refugee settlement),Pair,2025-06,1,2833.0,2250.0,583.0,25.91111111111111
Underwear,Kyangwali (refugee settlement),Unit,2024-04,1,2833.0,2250.0,583.0,25.91111111111111
Beans,Iganga,KG,2017-01,1,2800.0,2225.0,575.0,25.842696629213485
Maize flour,Mbarara,KG,2015-05,1,2800.0,2225.0,575.0,25.842696629213485
Fish (dry),Kyaka II (refugee settlement),KG,2023-07,1,25167.0,20000.0,5167.0,25.835
Maize (white),Rwamwanja (refugee settlement),KG,2022-09,1,2067.0,1642.86,424.1400000000001,25.817172491873936
Cassava (fresh),Palorinya (refugee settlement),KG,2023-06,1,385.0,306.0,79.0,25.816993464052292
Millet flour,Kyangwali (refugee settlement),KG,2021-06,1,3967.0,3153.0,814.0,25.816682524579765
Charcoal,Kyaka II (refugee settlement),KG,2025-09,1,1233.0,980.0,253.0,25.816326530612244
Maize,Busia,KG,2009-04,1,1005.89,799.52,206.37,25.811737042225335
Leafy vegetables,Rwamwanja (refugee settlement),KG,2024-10,1,2726.0,2167.0,559.0,25.796031379787728
Charcoal,Palabek (refugee settlement),KG,2024-06,1,634.0,504.0,130.0,25.793650793650798
Millet flour,Adjumani (refugee settlement),KG,2023-02,1,4000.0,3180.0,820.0,25.78616352201258
Pole,Lobule (refugee settlement),Unit,2025-06,1,5450.0,4333.0,1117.0,25.778906069697673
Serving spoon,Palabek (refugee settlement),Unit,2024-06,1,2389.0,1900.0,489.0,25.736842105263158
Cassava (fresh),Kyaka II (refugee settlement),KG,2022-07,1,606.0,482.0,124.0,25.72614107883817
Leafy vegetables,Kyaka II (refugee settlement),KG,2024-02,1,1833.0,1458.0,375.0,25.720164609053498
Beans,Gulu,KG,2021-03,1,4400.0,3500.0,900.0,25.71428571428571
Beans,Gulu,KG,2022-05,1,4400.0,3500.0,900.0,25.71428571428571
Sorghum,Kapchorwa,KG,2019-04,1,1550.0,1233.0,317.0,25.70965125709651
Sorghum,Lira,KG,2017-04,1,1550.0,1233.0,317.0,25.70965125709651
Plate (plastic),Adjumani (refugee settlement),Unit,2024-03,1,1257.0,1000.0,257.0,25.7
Sorghum,Gulu,KG,2022-01,1,1400.0,1114.0,286.0,25.673249551166965
Leafy vegetables,Bidibidi (refugee settlement),KG,2026-02,1,1278.0,1017.0,261.0,25.663716814159294
Firewood,Palabek (refugee settlement),KG,2024-10,1,319.0,254.0,65.0,25.590551181102363
Firewood,Rwamwanja (refugee settlement),KG,2024-10,1,324.0,258.0,66.0,25.581395348837212
Fish (dry),Kiryandongo (refugee settlement),KG,2025-10,1,30000.0,23889.0,6111.0,25.580811252040686
Maize flour,Rhino Camp (refugee settlement),KG,2025-09,1,2804.0,2233.0,571.0,25.57098074339454
Maize,Busia,KG,2006-06,1,366.35,291.77,74.58000000000004,25.56122973575078
Sorghum,Kaabong,KG,2025-04,1,1538.0,1225.0,313.0,25.551020408163268
Firewood,Palabek (refugee settlement),KG,2025-10,1,359.0,286.0,73.0,25.524475524475527
Fish (dry),Oruchinga (refugee settlement),KG,2024-04,1,26667.0,21250.0,5417.0,25.491764705882353
Beans,Kaabong,KG,2022-09,1,3200.0,2550.0,650.0,25.49019607843137
Beans,Soroti,KG,2020-05,1,4800.0,3825.0,975.0,25.49019607843137
Maize (white),Kyaka II (refugee settlement),KG,2022-04,1,1280.0,1020.0,260.0,25.49019607843137
Rice,Owino,KG,2008-04,1,1407.28,1121.69,285.5899999999999,25.46068878210556
Nails,Palabek (refugee settlement),KG,2024-09,1,6900.0,5500.0,1400.0,25.454545454545453
Fish (dry),Palabek (refugee settlement),KG,2026-01,1,21744.0,17334.0,4410.0,25.44132917964694
Charcoal,Rwamwanja (refugee settlement),KG,2022-06,1,1176.0,937.5,238.5,25.44
Maize (white),Lobule (refugee settlement),KG,2022-07,1,1850.0,1475.0,375.0,25.423728813559322
Beans,Bidibidi (refugee settlement),KG,2023-05,1,4500.0,3588.0,912.0,25.418060200668897
Millet,Kaabong,KG,2022-04,1,3164.0,2523.0,641.0,25.406262386048358
Millet,Kasese,KG,2025-04,1,4000.0,3191.0,809.0,25.35255405828894
Jerrycan (20L),Rwamwanja (refugee settlement),Unit,2026-03,1,11000.0,8778.0,2222.0,25.31328320802005
Leafy vegetables,Oruchinga (refugee settlement),KG,2026-03,1,2378.0,1898.0,480.0,25.289778714436252
Oil (vegetable),Lobule (refugee settlement),L,2022-04,1,10333.0,8250.0,2083.0,25.248484848484846
Maize flour,Gulu,KG,2013-11,1,2000.0,1597.0,403.0,25.234815278647467
Fish (dry),Palabek (refugee settlement),KG,2022-12,1,15600.0,12457.0,3143.0,25.230793931123063
Cassava flour,Kiboga,KG,2012-01,1,1400.0,1118.0,282.0,25.223613595706617
Pen,Kyangwali (refugee settlement),Unit,2026-06,1,700.0,559.0,141.0,25.223613595706617
Millet,Gulu,KG,2025-04,1,3125.0,2496.0,629.0,25.20032051282051
Maize (white),Rhino Camp (refugee settlement),KG,2025-07,1,2864.0,2288.0,576.0,25.174825174825177
Pen,Palabek (refugee settlement),Unit,2025-03,1,667.0,533.0,134.0,25.14071294559099
Cassava flour,Napak,KG,2024-11,1,1827.0,1460.0,367.0,25.136986301369863
Maize (white),Nakivale (refugee settlement),KG,2026-03,1,1190.0,951.0,239.0,25.131440588853838
Maize,Lira,KG,2018-09,2,575.9549999999999,460.34000000000003,115.6149999999999,25.11513229352215
Beans,Kyangwali (refugee settlement),KG,2026-04,1,2750.0,2198.0,552.0,25.113739763421293
Firewood,Imvepi (refugee settlement),KG,2023-04,1,279.0,223.0,56.0,25.112107623318387
Maize (white),Gulu,KG,2012-03,1,867.0,693.0,174.0,25.108225108225106
Cassava flour,Gulu,KG,2011-12,1,2000.0,1599.0,401.0,25.07817385866166
Maize flour,Lobule (refugee settlement),KG,2025-09,1,2929.0,2342.0,587.0,25.064047822374043
Leafy vegetables,Lobule (refugee settlement),KG,2023-12,1,1667.0,1333.0,334.0,25.056264066016503
Sorghum,Rhino Camp (refugee settlement),KG,2022-04,1,1667.0,1333.0,334.0,25.056264066016503
Underwear,Palabek (refugee settlement),Unit,2026-02,1,2526.0,2020.0,506.0,25.04950495049505
Cassava flour,Mbale,KG,2022-11,1,2417.0,1933.0,484.0,25.038799793067774
Torch,Lobule (refugee settlement),Unit,2025-06,1,834.0,667.0,167.0,25.037481259370313
Milk (fresh),Palorinya (refugee settlement),L,2022-02,1,1666.67,1333.0,333.6700000000001,25.03150787696925
Underwear,Rhino Camp (refugee settlement),Unit,2022-07,1,1667.0,1333.33,333.6700000000001,25.025312563281414
Maize flour,Lira,KG,2013-09,1,2000.0,1599.75,400.25,25.019534302234725
Millet flour,Palabek (refugee settlement),KG,2022-07,1,4063.0,3250.0,813.0,25.01538461538462
Basin,Lobule (refugee settlement),Unit,2023-06,1,5000.0,4000.0,1000.0,25.0
Batteries,Kyangwali (refugee settlement),Pair,2022-03,1,2500.0,2000.0,500.0,25.0
Batteries,Kyangwali (refugee settlement),Pair,2023-06,1,2500.0,2000.0,500.0,25.0
Batteries,Palabek (refugee settlement),Pair,2024-06,1,2500.0,2000.0,500.0,25.0
Beans,Karita,KG,2023-02,1,3750.0,3000.0,750.0,25.0
Beans,Karita,KG,2024-06,1,4375.0,3500.0,875.0,25.0
Beans,Kiryandongo (refugee settlement),KG,2023-01,1,4375.0,3500.0,875.0,25.0
Beans,Lobule (refugee settlement),KG,2023-01,1,3500.0,2800.0,700.0,25.0
Beans,Masaka,KG,2024-07,1,4500.0,3600.0,900.0,25.0
Beans,Masindi,KG,2022-03,1,2500.0,2000.0,500.0,25.0
Beans,Namalu,KG,2023-10,1,2500.0,2000.0,500.0,25.0
Beans,Owino,KG,2023-05,1,6250.0,5000.0,1250.0,25.0
Beans,Tororo,KG,2023-04,1,5000.0,4000.0,1000.0,25.0
Cassava (fresh),Nakivale (refugee settlement),KG,2022-07,1,1000.0,800.0,200.0,25.0
Cassava flour,Arua,KG,2025-02,1,1250.0,1000.0,250.0,25.0
Cassava flour,Gulu,KG,2011-01,1,2000.0,1600.0,400.0,25.0
Cassava flour,Gulu,KG,2017-04,1,2500.0,2000.0,500.0,25.0
Cassava flour,Gulu,KG,2017-11,1,5000.0,4000.0,1000.0,25.0
Cassava flour,Gulu,KG,2019-09,1,5000.0,4000.0,1000.0,25.0
Cassava flour,Gulu,KG,2025-11,1,5000.0,4000.0,1000.0,25.0
Cassava flour,Jinja,KG,2013-09,1,1875.0,1500.0,375.0,25.0
Cassava flour,Karenga,KG,2022-11,1,2500.0,2000.0,500.0,25.0
Cassava flour,Karita,KG,2025-05,1,2500.0,2000.0,500.0,25.0
Cassava flour,Kotido,KG,2022-11,1,2500.0,2000.0,500.0,25.0
Cassava flour,Lira,KG,2018-01,1,2500.0,2000.0,500.0,25.0
Cassava flour,Lira,KG,2018-05,1,2500.0,2000.0,500.0,25.0
Cassava flour,Lira,KG,2019-05,1,1500.0,1200.0,300.0,25.0
Cassava flour,Mbale,KG,2019-06,1,1500.0,1200.0,300.0,25.0
Cassava flour,Mbale,KG,2019-11,1,1500.0,1200.0,300.0,25.0
Cassava flour,Mbarara,KG,2022-07,1,2500.0,2000.0,500.0,25.0
Cassava flour,Mbarara,KG,2025-01,1,2500.0,2000.0,500.0,25.0
Charcoal,Oruchinga (refugee settlement),KG,2022-08,1,1250.0,1000.0,250.0,25.0
Charcoal,Rwamwanja (refugee settlement),KG,2023-06,1,1250.0,1000.0,250.0,25.0
Exercise Book (48 pages),Bidibidi (refugee settlement),Unit,2026-06,1,750.0,600.0,150.0,25.0
Exercise Book (48 pages),Lobule (refugee settlement),Unit,2023-06,1,1000.0,800.0,200.0,25.0
Exercise Book (48 pages),Nakivale (refugee settlement),Unit,2024-03,1,750.0,600.0,150.0,25.0
Exercise Book (48 pages),Nakivale (refugee settlement),Unit,2025-09,1,1000.0,800.0,200.0,25.0
Exercise Book (48 pages),Rwamwanja (refugee settlement),Unit,2022-03,1,500.0,400.0,100.0,25.0
Fish (dry),Kiryandongo (refugee settlement),KG,2022-10,1,20000.0,16000.0,4000.0,25.0
Fish (dry),Oruchinga (refugee settlement),KG,2023-09,1,25000.0,20000.0,5000.0,25.0
Fish (dry),Oruchinga (refugee settlement),KG,2024-09,1,25000.0,20000.0,5000.0,25.0
Fish (dry),Rhino Camp (refugee settlement),KG,2025-11,1,25000.0,20000.0,5000.0,25.0
Fish (dry),Rwamwanja (refugee settlement),KG,2022-11,1,30000.0,24000.0,6000.0,25.0
Hoe,Imvepi (refugee settlement),Unit,2024-03,1,15000.0,12000.0,3000.0,25.0
Jerrycan (20L),Imvepi (refugee settlement),Unit,2021-09,1,10000.0,8000.0,2000.0,25.0
Jerrycan (20L),Kiryandongo (refugee settlement),Unit,2023-03,1,10000.0,8000.0,2000.0,25.0
Jerrycan (5L),Bidibidi (refugee settlement),Unit,2023-03,1,2500.0,2000.0,500.0,25.0
Jerrycan (5L),Bidibidi (refugee settlement),Unit,2023-12,1,2500.0,2000.0,500.0,25.0
Jerrycan (5L),Imvepi (refugee settlement),Unit,2023-03,1,2500.0,2000.0,500.0,25.0
Jerrycan (5L),Rwamwanja (refugee settlement),Unit,2021-12,1,2500.0,2000.0,500.0,25.0
Laundry soap,Adjumani (refugee settlement),KG,2021-09,1,3750.0,3000.0,750.0,25.0
Laundry soap,Imvepi (refugee settlement),KG,2024-03,1,5000.0,4000.0,1000.0,25.0
Laundry soap,Kyangwali (refugee settlement),KG,2025-10,1,5000.0,4000.0,1000.0,25.0
Laundry soap,Kyangwali (refugee settlement),KG,2026-05,1,5000.0,4000.0,1000.0,25.0
Laundry soap,Oruchinga (refugee settlement),KG,2025-10,1,5000.0,4000.0,1000.0,25.0
Laundry soap,Palabek (refugee settlement),KG,2024-10,1,5000.0,4000.0,1000.0,25.0
Laundry soap,Rwamwanja (refugee settlement),KG,2026-04,1,5000.0,4000.0,1000.0,25.0
Leafy vegetables,Kiryandongo (refugee settlement),KG,2023-01,1,2500.0,2000.0,500.0,25.0
Leafy vegetables,Kiryandongo (refugee settlement),KG,2023-08,1,2500.0,2000.0,500.0,25.0
Leafy vegetables,Kyangwali (refugee settlement),KG,2026-05,1,2500.0,2000.0,500.0,25.0
Leafy vegetables,Palabek (refugee settlement),KG,2025-06,1,2500.0,2000.0,500.0,25.0
Maize (white),Arua,KG,2025-01,1,1000.0,800.0,200.0,25.0
Maize (white),Gulu,KG,2019-02,1,1000.0,800.0,200.0,25.0
Maize (white),Gulu,KG,2020-07,1,1500.0,1200.0,300.0,25.0
Maize (white),Iganga,KG,2015-09,1,625.0,500.0,125.0,25.0
Maize (white),Iganga,KG,2021-05,1,1000.0,800.0,200.0,25.0
Maize (white),Imvepi (refugee settlement),KG,2022-03,1,1250.0,1000.0,250.0,25.0
Maize (white),Kasese,KG,2025-12,1,2000.0,1600.0,400.0,25.0
Maize (white),Kiryandongo (refugee settlement),KG,2024-09,1,1000.0,800.0,200.0,25.0
Maize (white),Kyangwali (refugee settlement),KG,2024-09,1,1000.0,800.0,200.0,25.0
Maize (white),Lobule (refugee settlement),KG,2023-01,1,2500.0,2000.0,500.0,25.0
Maize (white),Lobule (refugee settlement),KG,2023-05,1,2500.0,2000.0,500.0,25.0
Maize (white),Lobule (refugee settlement),KG,2023-10,1,1750.0,1400.0,350.0,25.0
Maize (white),Makaratin,KG,2020-06,1,1500.0,1200.0,300.0,25.0
Maize (white),Makaratin,KG,2024-12,1,1000.0,800.0,200.0,25.0
Maize (white),Mbarara,KG,2022-02,1,1500.0,1200.0,300.0,25.0
Maize (white),Nakivale (refugee settlement),KG,2022-03,1,1500.0,1200.0,300.0,25.0
Maize (white),Namalu,KG,2019-11,1,1000.0,800.0,200.0,25.0
Maize (white),Napak,KG,2025-09,1,1500.0,1200.0,300.0,25.0
Maize (white),Oruchinga (refugee settlement),KG,2022-06,1,1625.0,1300.0,325.0,25.0
Maize (white),Owino,KG,2015-02,1,1000.0,800.0,200.0,25.0
Maize (white),Owino,KG,2021-04,1,1000.0,800.0,200.0,25.0
Maize (white),Owino,KG,2024-06,1,2000.0,1600.0,400.0,25.0
Maize (white),Wakiso,KG,2023-06,1,2500.0,2000.0,500.0,25.0
Maize flour,Gulu,KG,2015-12,1,2500.0,2000.0,500.0,25.0
Maize flour,Hoima,KG,2022-05,1,2500.0,2000.0,500.0,25.0
Maize flour,Iganga,KG,2022-04,1,2500.0,2000.0,500.0,25.0
Maize flour,Jinja,KG,2010-11,1,875.0,700.0,175.0,25.0
Maize flour,Kaabong,KG,2019-12,1,3000.0,2400.0,600.0,25.0
Maize flour,Karita,KG,2019-04,1,2500.0,2000.0,500.0,25.0
Maize flour,Karita,KG,2020-01,1,2500.0,2000.0,500.0,25.0
Maize flour,Lira,KG,2019-05,1,2500.0,2000.0,500.0,25.0
Maize flour,Masindi,KG,2024-11,1,2500.0,2000.0,500.0,25.0
Maize flour,Mbarara,KG,2021-06,1,2000.0,1600.0,400.0,25.0
Maize flour,Nabilatuk,KG,2025-03,1,2500.0,2000.0,500.0,25.0
Maize flour,Oruchinga (refugee settlement),KG,2022-04,1,2500.0,2000.0,500.0,25.0
Maize flour,Owino,KG,2021-07,1,2000.0,1600.0,400.0,25.0
Maize flour,Owino,KG,2025-02,1,2500.0,2000.0,500.0,25.0
Maize flour,Palorinya (refugee settlement),KG,2023-11,1,2500.0,2000.0,500.0,25.0
Milk (fresh),Kiryandongo (refugee settlement),L,2022-12,1,2000.0,1600.0,400.0,25.0
Milk (fresh),Kiryandongo (refugee settlement),L,2024-11,1,2000.0,1600.0,400.0,25.0
Milk (fresh),Nakivale (refugee settlement),L,2022-09,1,1600.0,1280.0,320.0,25.0
Milk (fresh),Nakivale (refugee settlement),L,2024-08,1,2000.0,1600.0,400.0,25.0
Milk (fresh),Nakivale (refugee settlement),L,2026-05,1,2000.0,1600.0,400.0,25.0
Milk (fresh),Oruchinga (refugee settlement),L,2023-07,1,2000.0,1600.0,400.0,25.0
Milk (fresh),Oruchinga (refugee settlement),L,2024-08,1,2000.0,1600.0,400.0,25.0
Milk (fresh),Oruchinga (refugee settlement),L,2026-05,1,2000.0,1600.0,400.0,25.0
Milk (fresh),Rhino Camp (refugee settlement),L,2022-07,1,2000.0,1600.0,400.0,25.0
Millet,Gulu,KG,2015-06,1,2500.0,2000.0,500.0,25.0
Millet,Gulu,KG,2015-11,1,2500.0,2000.0,500.0,25.0
Millet,Gulu,KG,2019-06,1,2500.0,2000.0,500.0,25.0
Millet,Kasese,KG,2023-06,1,4000.0,3200.0,800.0,25.0
Millet,Lira,KG,2020-04,1,1500.0,1200.0,300.0,25.0
Millet,Masindi,KG,2024-11,1,4000.0,3200.0,800.0,25.0
Millet,Soroti,KG,2021-04,1,2000.0,1600.0,400.0,25.0
Millet flour,Palabek (refugee settlement),KG,2025-10,1,3750.0,3000.0,750.0,25.0
Millet flour,Palorinya (refugee settlement),KG,2021-06,1,5000.0,4000.0,1000.0,25.0
Mug (plastic),Rhino Camp (refugee settlement),Unit,2023-03,1,1000.0,800.0,200.0,25.0
Nails,Oruchinga (refugee settlement),KG,2023-03,1,7500.0,6000.0,1500.0,25.0
Oil (vegetable),Arua,L,2022-05,1,10000.0,8000.0,2000.0,25.0
Oil (vegetable),Kasese,L,2022-05,1,10000.0,8000.0,2000.0,25.0
Oil (vegetable),Kotido,L,2022-04,1,10000.0,8000.0,2000.0,25.0
Oil (vegetable),Kyangwali (refugee settlement),L,2025-08,1,10000.0,8000.0,2000.0,25.0
Oil (vegetable),Lira,L,2022-08,1,10000.0,8000.0,2000.0,25.0
Oil (vegetable),Masaka,L,2024-03,1,8250.0,6600.0,1650.0,25.0
Oil (vegetable),Masindi,L,2022-07,1,10000.0,8000.0,2000.0,25.0
Oil (vegetable),Mbarara,L,2016-03,1,10000.0,8000.0,2000.0,25.0
Oil (vegetable),Mbarara,L,2022-02,1,10000.0,8000.0,2000.0,25.0
Oil (vegetable),Moroto,L,2022-08,1,10000.0,8000.0,2000.0,25.0
Oil (vegetable),Oruchinga (refugee settlement),L,2022-11,1,12500.0,10000.0,2500.0,25.0
Oil (vegetable),Soroti,L,2023-07,1,10000.0,8000.0,2000.0,25.0
Oil (vegetable),Tororo,L,2022-03,1,10000.0,8000.0,2000.0,25.0
Panga,Imvepi (refugee settlement),Unit,2024-03,1,10000.0,8000.0,2000.0,25.0
Pen,Bidibidi (refugee settlement),Unit,2026-06,1,625.0,500.0,125.0,25.0
Pencil,Imvepi (refugee settlement),Unit,2022-09,1,250.0,200.0,50.0,25.0
Pencil,Nakivale (refugee settlement),Unit,2022-12,1,250.0,200.0,50.0,25.0
Plate (plastic),Adjumani (refugee settlement),Unit,2021-12,1,1000.0,800.0,200.0,25.0
Plate (plastic),Imvepi (refugee settlement),Unit,2022-06,1,1000.0,800.0,200.0,25.0
Plate (plastic),Kyaka II (refugee settlement),Unit,2026-03,1,1250.0,1000.0,250.0,25.0
Plate (plastic),Oruchinga (refugee settlement),Unit,2026-03,1,1250.0,1000.0,250.0,25.0
Plate (plastic),Rhino Camp (refugee settlement),Unit,2023-12,1,875.0,700.0,175.0,25.0
Pole,Imvepi (refugee settlement),Unit,2022-09,1,10000.0,8000.0,2000.0,25.0
Pole,Kyangwali (refugee settlement),Unit,2025-09,1,10000.0,8000.0,2000.0,25.0
Rope,Lobule (refugee settlement),Unit,2021-06,1,1250.0,1000.0,250.0,25.0
Rope,Lobule (refugee settlement),Unit,2024-06,1,1250.0,1000.0,250.0,25.0
Rope,Nakivale (refugee settlement),Unit,2023-03,1,2500.0,2000.0,500.0,25.0
Salt,Imvepi (refugee settlement),KG,2023-01,1,2000.0,1600.0,400.0,25.0
Salt,Lobule (refugee settlement),KG,2023-05,1,2000.0,1600.0,400.0,25.0
Salt,Oruchinga (refugee settlement),KG,2022-04,1,2000.0,1600.0,400.0,25.0
Sanitary pads,Imvepi (refugee settlement),Packet,2022-09,1,2500.0,2000.0,500.0,25.0
Sanitary pads,Imvepi (refugee settlement),Packet,2023-10,1,2500.0,2000.0,500.0,25.0
Sanitary pads,Lobule (refugee settlement),Packet,2022-10,1,2500.0,2000.0,500.0,25.0
Sanitary pads,Lobule (refugee settlement),Packet,2023-02,1,2500.0,2000.0,500.0,25.0
Sanitary pads,Palorinya (refugee settlement),Packet,2023-02,1,2500.0,2000.0,500.0,25.0
Serving spoon,Kyangwali (refugee settlement),Unit,2022-12,1,2500.0,2000.0,500.0,25.0
Serving spoon,Oruchinga (refugee settlement),Unit,2023-12,1,2500.0,2000.0,500.0,25.0
Sorghum,Arua,KG,2021-10,1,1000.0,800.0,200.0,25.0
Sorghum,Arua,KG,2022-07,1,2500.0,2000.0,500.0,25.0
Sorghum,Gulu,KG,2015-09,1,1250.0,1000.0,250.0,25.0
Sorghum,Gulu,KG,2018-11,1,1000.0,800.0,200.0,25.0
Sorghum,Gulu,KG,2019-04,1,1000.0,800.0,200.0,25.0
Sorghum,Hoima,KG,2022-06,1,2500.0,2000.0,500.0,25.0
Sorghum,Kapchorwa,KG,2020-01,1,1500.0,1200.0,300.0,25.0
Sorghum,Kiboga,KG,2012-10,1,1000.0,800.0,200.0,25.0
Sorghum,Lira,KG,2021-06,1,1000.0,800.0,200.0,25.0
Sorghum,Lobule (refugee settlement),KG,2021-10,1,2500.0,2000.0,500.0,25.0
Sorghum,Lobule (refugee settlement),KG,2023-09,1,2500.0,2000.0,500.0,25.0
Sorghum,Masindi,KG,2024-12,1,2500.0,2000.0,500.0,25.0
Sorghum,Mbarara,KG,2025-08,1,4000.0,3200.0,800.0,25.0
Sorghum,Mukono,KG,2023-08,1,4000.0,3200.0,800.0,25.0
Sorghum,Nakivale (refugee settlement),KG,2022-04,1,1500.0,1200.0,300.0,25.0
Sorghum,Nakivale (refugee settlement),KG,2022-10,1,2500.0,2000.0,500.0,25.0
Sorghum,Nakivale (refugee settlement),KG,2025-05,1,2000.0,1600.0,400.0,25.0
Sorghum,Oruchinga (refugee settlement),KG,2021-11,1,1500.0,1200.0,300.0,25.0
Sorghum,Oruchinga (refugee settlement),KG,2022-04,1,1500.0,1200.0,300.0,25.0
Sorghum,Palabek (refugee settlement),KG,2021-04,1,1000.0,800.0,200.0,25.0
Sorghum,Wakiso,KG,2024-01,1,2750.0,2200.0,550.0,25.0
Underwear,Bidibidi (refugee settlement),Unit,2023-01,1,1500.0,1200.0,300.0,25.0
Underwear,Bidibidi (refugee settlement),Unit,2023-02,1,1875.0,1500.0,375.0,25.0
Underwear,Bidibidi (refugee settlement),Unit,2024-08,1,2500.0,2000.0,500.0,25.0
Underwear,Bidibidi (refugee settlement),Unit,2024-11,1,2500.0,2000.0,500.0,25.0
Underwear,Bidibidi (refugee settlement),Unit,2025-07,1,2500.0,2000.0,500.0,25.0
Underwear,Kiryandongo (refugee settlement),Unit,2025-03,1,2500.0,2000.0,500.0,25.0
Underwear,Kiryandongo (refugee settlement),Unit,2025-09,1,2500.0,2000.0,500.0,25.0
Underwear,Lobule (refugee settlement),Unit,2023-01,1,2500.0,2000.0,500.0,25.0
Underwear,Lobule (refugee settlement),Unit,2024-02,1,2500.0,2000.0,500.0,25.0
Underwear,Oruchinga (refugee settlement),Unit,2023-04,1,2500.0,2000.0,500.0,25.0
Underwear,Oruchinga (refugee settlement),Unit,2024-04,1,2500.0,2000.0,500.0,25.0
Underwear,Rhino Camp (refugee settlement),Unit,2024-05,1,2500.0,2000.0,500.0,25.0
Underwear,Rhino Camp (refugee settlement),Unit,2025-03,1,2500.0,2000.0,500.0,25.0
Wooden mingle,Nakivale (refugee settlement),Unit,2024-12,1,1250.0,1000.0,250.0,25.0
Wooden mingle,Oruchinga (refugee settlement),Unit,2025-06,1,1250.0,1000.0,250.0,25.0
Wooden mingle,Palorinya (refugee settlement),Unit,2021-09,1,625.0,500.0,125.0,25.0
Wooden mingle,Rhino Camp (refugee settlement),Unit,2023-09,1,1250.0,1000.0,250.0,25.0
